time,ph,tds,turbidity,temperature,condition,ph_change,tds_change,turbidity_change,temperature_change,ph_rolling,tds_rolling,turbidity_rolling,temperature_rolling,risk_score,risk_status,largest_change,explanation,sensor_fault_flag,final_decision,future_high_risk
4,7.060275188628384,394.7786797633631,4.559088056260563,27.43841907432233,DETERIORATING,-0.0031110469363637,17.741921095829866,-0.2655503669685464,0.1208377500563067,7.087215883385622,389.04377446078473,4.325643930226724,27.21123575367834,2.685994767261068,SAFE,tds_change,Sensor readings are relatively stable.,False,SAFE,False
5,7.062041393826568,392.721824625061,4.682473352963107,26.747281964572217,DETERIORATING,0.0017662051981837,-2.056855138302069,0.1233852967025432,-0.6911371097501124,7.070241324091176,388.2296863379905,4.4421026803956805,27.24444502520733,1.1156988524523288,SAFE,tds_change,Sensor readings are relatively stable.,False,SAFE,False
6,7.084106688581685,400.3423186403328,4.218406649754596,26.49127573330326,DETERIORATING,0.0220652947551176,7.620494015271788,-0.4640667032085108,-0.2560062312689553,7.073123109089687,389.7590292270664,4.528488896926641,27.097767951665805,1.8712398499470215,SAFE,tds_change,Sensor readings are relatively stable.,False,SAFE,False
7,7.044562568916826,398.8220616201836,4.379679265959242,27.670533460782195,DETERIORATING,-0.0395441196648596,-1.520257020149188,0.1612726162046458,1.1792577274789338,7.062874415103641,392.7403286632948,4.532857149633324,27.13301831144921,4.448120640496155,SAFE,tds_change,Sensor readings are relatively stable.,False,SAFE,False
8,7.126787806278676,405.3946325838321,3.917915782560245,26.950928064463145,DETERIORATING,0.0822252373618503,6.572570963648502,-0.4617634833989967,-0.7196053963190501,7.075554729246427,398.4119034465545,4.35151262149955,27.059687659488628,2.427622771272021,SAFE,tds_change,Sensor readings are relatively stable.,False,SAFE,False
9,7.014769634889024,387.9771774612732,6.569661394549551,26.98966679341798,DETERIORATING,-0.1120181713896517,-17.41745512255892,2.6517456119893064,0.0387387289548364,7.0664536184985565,397.0516029861366,4.753627289157349,26.96993720330776,4.315379128183833,SAFE,tds_change,Sensor readings are relatively stable.,False,SAFE,False
10,7.045656417791932,411.8087287876119,4.304909411686972,27.631277656739623,DETERIORATING,0.0308867829029075,23.83155132633874,-2.2647519828625797,0.6416108633216417,7.063176623291629,400.8689838186468,4.6781145009021206,27.14673634174124,4.516202962951002,SAFE,tds_change,Sensor readings are relatively stable.,False,SAFE,False
11,7.028513447086291,399.9711952563088,4.8756758417632735,27.33249200376026,DETERIORATING,-0.0171429707056409,-11.837533531303109,0.5707664300763016,-0.2987856529793617,7.05205797499255,400.7947591418419,4.809568339303857,27.314979595832643,1.2838513514088157,SAFE,tds_change,Sensor readings are relatively stable.,False,SAFE,False
12,7.118348894217686,424.1031304715032,4.9852741875446425,27.302355108832643,DETERIORATING,0.0898354471313949,24.131935215194403,0.1095983457813689,-0.0301368949276188,7.066815240052722,405.8509729121059,4.930687323620937,27.24134392544273,3.870185749152893,SAFE,tds_change,Sensor readings are relatively stable.,False,SAFE,False
13,7.051327738825578,392.5297461829252,6.405939501555553,27.99600093796043,DETERIORATING,-0.0670211553921076,-31.57338428857804,1.4206653140109102,0.6936458291277887,7.0517232265621015,403.27799563192445,5.428292067419998,27.450358500142187,4.9818515407834045,SAFE,tds_change,Sensor readings are relatively stable.,False,SAFE,False
14,7.088592226973431,423.23156563798295,5.584040257366378,26.882592707847945,DETERIORATING,0.0372644881478532,30.701819455057773,-0.8218992441891748,-1.113408230112487,7.066487744978984,410.3288732672664,5.231167839983364,27.428943683028184,3.785028961006093,SAFE,tds_change,Sensor readings are relatively stable.,False,SAFE,False
15,6.958221981348151,406.37492940155175,6.948193658138988,27.52113605123249,DETERIORATING,-0.1303702456252802,-16.8566362364312,1.3641534007726095,0.6385433433845442,7.0490008576902285,409.2421133900544,5.759824689273767,27.406915361926757,4.58853041109028,SAFE,tds_change,Sensor readings are relatively stable.,False,SAFE,False
16,7.041352513293463,397.78298395662665,5.541207500604905,27.182805249958832,DETERIORATING,0.0831305319453115,-8.591945444925102,-1.4069861575340823,-0.3383308012736563,7.051568670931661,408.804471130118,5.892931021042093,27.376978011166464,0.6202876994019402,SAFE,tds_change,Sensor readings are relatively stable.,False,SAFE,False
17,7.067981539781171,401.39336999134815,6.433195329779042,27.277436911545305,DETERIORATING,0.0266290264877087,3.610386034721501,0.8919878291741368,0.0946316615864724,7.041495200044359,404.26251903408695,6.182515249488974,27.371994371709,2.9304307080159133,SAFE,tds_change,Sensor readings are relatively stable.,False,SAFE,False
18,7.0231141994637705,404.9558323016682,5.671722357392194,27.79138737056501,DETERIORATING,-0.0448673403174009,3.562462310320029,-0.7614729723868479,0.5139504590197035,7.035852492171998,406.7477362578355,6.035671820656301,27.33107165822992,2.17356135384127,SAFE,tds_change,Sensor readings are relatively stable.,False,SAFE,False
19,7.067774018753267,415.489991356823,8.186119302218712,27.39313430251585,DETERIORATING,0.0446598192894969,10.534159055154817,2.514396944826518,-0.3982530680491578,7.031688850527965,405.1994214016036,6.556087629626768,27.433179977163498,5.630938422951173,SAFE,tds_change,Sensor readings are relatively stable.,False,SAFE,False
20,6.984135577494981,418.274025856426,5.649921264776389,27.41531843161985,DETERIORATING,-0.0836384412582864,2.784034499603024,-2.5361980374423228,0.0221841291039979,7.036871569757331,407.5792406925784,6.296433150954249,27.412016453240973,0.5272414848555218,SAFE,tds_change,Sensor readings are relatively stable.,False,SAFE,False
21,7.075967372009279,406.7155999527371,6.977856568181623,27.639002934923923,DETERIORATING,0.0918317945142979,-11.558425903688942,1.3279353034052337,0.2236845033040744,7.043794541500493,409.3657638918005,6.583762964469592,27.50325599023399,3.802467045159256,SAFE,tds_change,Sensor readings are relatively stable.,False,SAFE,False
22,7.115944906180962,414.9077448928682,7.367021504745678,27.074018908182843,DETERIORATING,0.0399775341716832,8.19214494013113,0.3891649365640557,-0.5649840267410795,7.053387214780452,412.0686388721045,6.7705281994629205,27.46257238956149,2.9782925927710053,SAFE,tds_change,Sensor readings are relatively stable.,False,SAFE,False
23,6.9783580719780165,442.5072443033424,7.321039277961199,26.8943161330644,DETERIORATING,-0.1375868342029456,27.59949941047421,-0.0459822267844796,-0.179702775118443,7.044435989283301,419.5789212724393,7.10039158357672,27.28315814206137,2.5325888731676893,SAFE,tds_change,Sensor readings are relatively stable.,False,SAFE,False
24,6.9697248739299615,439.1305180412085,6.971769872897833,26.822076322391585,DETERIORATING,-0.0086331980480549,-3.3767262621339,-0.3492694050633655,-0.0722398106728157,7.024826160318641,424.3070266093165,6.857521697712545,27.168946546036523,0.4541268910505769,SAFE,tds_change,Sensor readings are relatively stable.,False,SAFE,False
25,7.060169223855885,425.2358840360884,7.146143440213259,26.4634573642496,DETERIORATING,0.0904443499259235,-13.89463400512011,0.1743735673154258,-0.3586189581419852,7.040032889590821,425.6993982452489,7.156766132799919,26.97857433256247,1.164098708811415,SAFE,tds_change,Sensor readings are relatively stable.,False,SAFE,False
26,7.061978607286536,422.0560417380185,7.415049177583287,28.08248285197613,DETERIORATING,0.0018093834306505,-3.1798422980699,0.2689057373700283,1.6190254877265318,7.037235136646272,428.7674866023052,7.244204654680251,27.067270315972912,6.190114178532672,SAFE,tds_change,Sensor readings are relatively stable.,False,SAFE,False
27,6.952356998642336,424.6403759206192,7.392398398697209,26.828716653711325,DETERIORATING,-0.1096216086441996,2.584334182600685,-0.0226507788860788,-1.253766198264806,7.004517555138547,430.7140128078554,7.249280033470558,27.01820986507861,0.921391754973016,SAFE,tds_change,Sensor readings are relatively stable.,False,SAFE,False
28,6.952990659145207,432.162215672765,8.411103293435929,27.191498550565694,DETERIORATING,0.0006336605028707,7.521839752145809,1.01870489473872,0.3627818968543685,6.999444072571985,428.6450070817399,7.467292836565504,27.077646348578867,3.923290325664751,SAFE,tds_change,Sensor readings are relatively stable.,False,SAFE,False
29,6.955410769556974,414.1264892176191,9.53841840127308,27.17927468004443,DETERIORATING,0.0024201104117675,-18.03572645514589,1.127315107837152,-0.0122238705212645,6.996581251697387,423.64420131702207,7.980622542240553,27.14908602010944,2.3598111184011143,SAFE,tds_change,Sensor readings are relatively stable.,False,SAFE,False
30,6.897777474448286,424.9114815509199,7.454006571993734,27.422962679123643,DETERIORATING,-0.0576332951086886,10.784992333300806,-2.0844118292793468,0.2436879990792135,6.964102901815868,423.5793208199883,8.042195168596649,27.340987083084247,3.1272012671774214,SAFE,tds_change,Sensor readings are relatively stable.,False,SAFE,False
31,6.9145674026757895,409.5769911134689,6.934157616336739,27.63629488501572,DETERIORATING,0.0167899282275039,-15.334490437450995,-0.519848955656995,0.2133322058920761,6.934620660893718,421.0835106950784,7.946016856347337,27.251749489692163,1.9214855775393855,SAFE,tds_change,Sensor readings are relatively stable.,False,SAFE,False
32,6.905792961662396,435.9906774712633,8.089374361318995,27.664189395343897,DETERIORATING,-0.0087744410133936,26.413686357794404,1.1552167449822566,0.0278945103281778,6.92530785349773,423.3535710052072,8.085412048871696,27.41884403801868,5.342709132145533,SAFE,tds_change,Sensor readings are relatively stable.,False,SAFE,False
33,6.913110121744793,440.5663512764329,10.353767470123454,27.096769024572424,DETERIORATING,0.0073171600823966,4.575673805169572,2.264393108804459,-0.5674203707714724,6.917331746017648,425.0343981259408,8.4739448842092,27.39989813282002,5.065991741448366,SAFE,tds_change,Sensor readings are relatively stable.,False,SAFE,False
34,6.94526575563066,428.6017624524075,7.777060345624215,27.273151314485435,DETERIORATING,0.0321556338858677,-11.964588824025384,-2.576707124499239,0.1763822899130112,6.9153027432323855,427.92945277289857,8.121673273079427,27.418673459708224,1.3501605352791293,SAFE,tds_change,Sensor readings are relatively stable.,False,SAFE,False
35,6.954210736626826,454.8878411594804,9.861293444355256,27.46303198019532,DETERIORATING,0.0089449809961656,26.286078707072875,2.0842330987310413,0.1898806657098859,6.926589395668093,433.9247246946106,8.603130647551732,27.42668731992256,6.48571689238966,SAFE,tds_change,Sensor readings are relatively stable.,False,SAFE,False
36,7.015525024640704,422.890812043972,10.022160651261151,27.26052354952658,DETERIORATING,0.0613142880138779,-31.997029115508383,0.1608672069058947,-0.2025084306687397,6.946780920061076,436.5874888807113,9.220731254536616,27.35153305282473,0.4741761799694011,SAFE,tds_change,Sensor readings are relatively stable.,False,SAFE,False
37,6.88358229796306,421.6275014374821,8.367129406633603,28.012938230408,DETERIORATING,-0.1319427266776438,-1.2633106064898811,-1.6550312446275477,0.7524146808814187,6.942338787321208,433.71485367395496,9.276282263599535,27.42128281983755,4.003509573198355,SAFE,turbidity_change,Sensor readings are relatively stable.,False,SAFE,False
38,6.978216119923829,443.49342182271965,9.39518646334822,27.5763899806553,DETERIORATING,0.0946338219607687,21.86592038523753,1.0280570567146157,-0.4365482497527004,6.955359986957015,434.3002677832124,9.084566062244487,27.517207011054133,3.618117417033493,SAFE,tds_change,Sensor readings are relatively stable.,False,SAFE,False
39,6.913800557788724,454.96517963134585,10.372717298502833,27.683951114419926,DETERIORATING,-0.064415562135105,11.471757808626194,0.9775308351546136,0.1075611337646265,6.949066947388628,439.57295121900006,9.603697452820212,27.599366971041025,3.999711911885038,SAFE,tds_change,Sensor readings are relatively stable.,False,SAFE,False
40,6.9175268145173785,464.2071322974944,8.89669780721001,27.665152507466964,DETERIORATING,0.0037262567286546,9.241952666148563,-1.4760194912928224,-0.0187986069529628,6.941730162966739,441.4368094466028,9.410778325391163,27.63979107649536,1.9764539955312077,SAFE,tds_change,Sensor readings are relatively stable.,False,SAFE,False
41,6.94924097460833,440.0933888455728,9.16713571191811,27.87938954299413,DETERIORATING,0.0317141600909511,-24.113743451921607,0.2704379047080998,0.2142370355271659,6.928473352960265,444.87732480692296,9.239773337522555,27.763564275188862,1.8097533445187024,SAFE,tds_change,Sensor readings are relatively stable.,False,SAFE,False
42,6.854863898921884,460.1441700011756,8.994655268841086,27.492408623481484,DETERIORATING,-0.0943770756864452,20.05078115560281,-0.1724804430770241,-0.386980919512645,6.922729673152029,452.58065851966165,9.365278509964051,27.659458353803565,3.781104008619958,SAFE,tds_change,Sensor readings are relatively stable.,False,SAFE,False
43,6.925620487309202,448.3378983659915,8.778194615445706,26.91126722081766,DETERIORATING,0.0707565883873178,-11.806271635184087,-0.2164606533953801,-0.5811414026638246,6.912210546629103,453.5495538283161,9.241880140383548,27.52643380183603,1.1156926903619668,SAFE,tds_change,Sensor readings are relatively stable.,False,SAFE,False
44,6.910322610410652,448.32847240071015,9.200577963947191,27.59987518070106,DETERIORATING,-0.0152978768985505,-0.0094259652813661,0.4223833485014854,0.6886079598833987,6.91151495715349,452.2222123821889,9.00745227347242,27.509618615092258,4.0445597462426495,SAFE,temperature_change,Sensor readings are relatively stable.,False,SAFE,False
45,6.922122563200407,462.6039192498401,8.870847786590197,27.189457242483268,DETERIORATING,0.0117999527897554,14.275446849129937,-0.3297301773569945,-0.4104179382177904,6.912434106890094,451.9015697726581,9.00228226934846,27.41447956209552,2.310197299924289,SAFE,tds_change,Sensor readings are relatively stable.,False,SAFE,False
46,6.907458432195391,461.42787454096106,10.00726677460738,27.248553327300097,DETERIORATING,-0.0146641310050164,-1.176044708879033,1.1364189880171836,0.0590960848168293,6.904077598407507,456.16846691173566,9.170308481886313,27.288312318956716,3.270040253545403,SAFE,tds_change,Sensor readings are relatively stable.,False,SAFE,False
47,7.011265006995544,436.283294116189,9.494021415153084,27.70454560750204,DETERIORATING,0.1038065748001528,-25.144580424772077,-0.513245359454297,0.4559922802019436,6.935357820022238,451.3962917347384,9.270181711148712,27.330739715760824,1.5369519455389842,SAFE,tds_change,Sensor readings are relatively stable.,False,SAFE,False
48,6.852113000787433,474.51848419671074,10.427028729432598,27.97531322857345,DETERIORATING,-0.1591520062081102,38.23519008052176,0.9330073142795144,0.2707676210714105,6.920656322717885,456.6324089008822,9.59994853394609,27.543548917311984,7.488934029263744,SAFE,tds_change,Sensor readings are relatively stable.,False,SAFE,False
49,6.8529501522499086,474.9610962497694,9.1252834830371,27.498508630694424,DETERIORATING,0.0008371514624752,0.4426120530586672,-1.3017452463954982,-0.4768045978790276,6.9091818310857365,461.958933670694,9.584889637764071,27.52327560731065,2.241156680496065,SAFE,turbidity_change,Sensor readings are relatively stable.,False,SAFE,False
50,6.843842973678762,452.49324758188567,10.764704185771564,27.623533205039585,DETERIORATING,-0.0091071785711465,-22.467848667883743,1.6394207027344638,0.1250245743451614,6.893525913181408,459.9367993371032,9.963660917600343,27.61009079982192,5.1765601719557495,SAFE,tds_change,Sensor readings are relatively stable.,False,SAFE,False
51,6.842726144041987,466.34964240124896,11.29682316928714,28.19088597785409,DETERIORATING,-0.0011168296367749,13.856394819363288,0.5321189835155771,0.5673527728145089,6.880579455550728,460.9211529091607,10.221572196536297,27.79855732993272,5.967856218636149,SAFE,tds_change,Sensor readings are relatively stable.,False,SAFE,False
52,6.834130643634674,469.1283622353928,9.165011485942836,27.616301271795425,DETERIORATING,-0.0085955004073134,2.7787198341438284,-2.1318116833443046,-0.5745847060586691,6.845152582878553,467.4901665330015,10.155770210694246,27.780908462791395,2.7103379322114023,SAFE,tds_change,Sensor readings are relatively stable.,False,SAFE,False
53,6.920950826555377,467.9280851898869,11.189245255878058,28.57067324567216,DETERIORATING,0.0868201829207038,-1.2002770455059135,2.024233769935222,0.9543719738767358,6.8589201480321424,466.1720867316368,10.30821351598334,27.89998046621114,7.085204178202379,SAFE,turbidity_change,Sensor readings are relatively stable.,False,SAFE,False
54,6.928025212399492,459.79633815385495,12.002135193978631,27.766203858252616,DETERIORATING,0.0070743858441142,-8.131747036031925,0.8128899381005734,-0.8044693874195445,6.873935160062058,463.1391351124538,10.883583858171646,27.953519511722774,2.2989567211584854,SAFE,tds_change,Sensor readings are relatively stable.,False,SAFE,False
55,6.823962685312527,459.94051958474336,10.182287185047036,26.845694896337672,DETERIORATING,-0.104062527086965,0.144181430888409,-1.8198480089315956,-0.920508961914944,6.869959102388812,464.6285895130254,10.76710045802674,27.797951849982397,2.6520942347831737,SAFE,turbidity_change,Sensor readings are relatively stable.,False,SAFE,False
56,6.806382221344789,469.29335114810266,12.618057909470163,27.86133664844181,DETERIORATING,-0.0175804639677377,9.352831563359302,2.4357707244231275,1.0156417521041377,6.862690317849372,465.21733126239616,11.031347406063343,27.732041984099936,10.353074547844017,SAFE,tds_change,Sensor readings are relatively stable.,False,SAFE,False
57,6.86707077781932,485.2727482311124,11.745215207492835,27.72246335395311,DETERIORATING,0.0606885564745312,15.979397083009758,-0.8728427019773282,-0.1388732944887003,6.869278344686302,468.44620846154,11.547388150373346,27.753274400531478,3.27229009935098,SAFE,tds_change,Sensor readings are relatively stable.,False,SAFE,False
58,6.811388847785951,479.3232018551332,10.975990515393272,28.095901101633096,DETERIORATING,-0.0556819300333693,-5.949546375979196,-0.7692246920995629,0.3734377476799864,6.847365948932415,470.7252317945893,11.504737202276388,27.65831997172366,3.9494805262506976,SAFE,tds_change,Sensor readings are relatively stable.,False,SAFE,False
59,6.866146590887775,469.9526280149667,11.625384737873835,27.859272540507984,DETERIORATING,0.054757743101824,-9.370573840166514,0.6493942224805629,-0.2366285611251122,6.834990224630073,472.7564897668117,11.429387111055428,27.676933708174733,2.9818924704042225,SAFE,tds_change,Sensor readings are relatively stable.,False,SAFE,False
60,6.840146151042565,485.26038452778016,12.24666153001738,27.544617606406494,DETERIORATING,-0.0260004398452098,15.307756512813455,0.6212767921435454,-0.3146549341014903,6.838226917776081,477.82046275541904,11.842261980049496,27.8167182501885,4.55434344360192,SAFE,tds_change,Sensor readings are relatively stable.,False,SAFE,False
61,6.749712794250138,443.4174885524391,11.99080431312993,27.12028070548425,DETERIORATING,-0.0904333567924267,-41.84289597534104,-0.2558572168874509,-0.4243369009222419,6.82689303235715,472.6452902362863,11.716811260781451,27.66850706159699,3.754308086247926,SAFE,tds_change,Sensor readings are relatively stable.,False,SAFE,False
62,6.898375260066503,492.9851884044653,12.491004793957096,27.53639069708559,DETERIORATING,0.1486624658163648,49.56769985202618,0.5002004808271661,0.4161099916013384,6.833153928806587,474.1877782709569,11.865969178074302,27.631292530223483,7.488417783209312,SAFE,tds_change,Sensor readings are relatively stable.,False,SAFE,False
63,6.906293883654776,459.9234346546628,11.453461125536506,27.28979181831628,DETERIORATING,0.0079186235882726,-33.061753749802506,-1.0375436684205894,-0.2465988787693085,6.852134935980351,470.3078248308628,11.961463300102947,27.470070673560123,1.4055917451783628,SAFE,tds_change,Sensor readings are relatively stable.,False,SAFE,False
64,6.78136056547578,478.0507087031624,12.455488659228864,27.40779062007811,DETERIORATING,-0.1249333181789955,18.1272740484996,1.002027533692358,0.1179988017618285,6.835177730897952,471.9274409685019,12.127484084373956,27.37977428947415,6.586811147567286,SAFE,tds_change,Sensor readings are relatively stable.,False,SAFE,False
65,6.7881149220032,470.5639612644863,11.319028402476016,27.88543136176824,DETERIORATING,0.0067543565274199,-7.486747438676105,-1.136460256752848,0.4776407416901307,6.824771485090079,468.9881563158432,11.941957458865684,27.4479370405465,4.611198395022389,SAFE,tds_change,Sensor readings are relatively stable.,False,SAFE,False
66,6.817293269536245,470.06382229134914,12.49101915092104,28.327961801740564,DETERIORATING,0.0291783475330449,-0.5001389731371546,1.1719907484450245,0.4425304399723231,6.8382875801473,474.3174230636252,12.042000426423906,27.68947325979776,5.8261783995408285,SAFE,turbidity_change,Sensor readings are relatively stable.,False,SAFE,False
67,6.815222839499351,501.12992144854223,11.98687388682817,27.8278686119292,DETERIORATING,-0.0020704300368938,31.066099157193094,-0.5041452640928714,-0.5000931898113663,6.821657096033872,475.9463696724406,11.94117424499812,27.747768842766483,5.256945340085179,SAFE,tds_change,Sensor readings are relatively stable.,False,SAFE,False
68,6.826927213633641,483.1875855842573,12.251576045928186,27.201646775185925,DETERIORATING,0.0117043741342897,-17.942335864284928,0.2647021591000165,-0.626221836743273,6.805783762029644,480.5991998583595,12.100797229076456,27.73013983414041,2.99314503414541,SAFE,tds_change,Sensor readings are relatively stable.,False,SAFE,False
69,6.890010226938317,494.5580465807686,13.958874540168347,27.86784106728805,DETERIORATING,0.0630830133046762,11.37046099651127,1.7072984942401614,0.66619429210213,6.827513694322152,483.9006674338807,12.40147440526435,27.822149923582398,7.119014093312775,SAFE,tds_change,Sensor readings are relatively stable.,False,SAFE,False
70,6.776152638625296,491.43695305344977,13.973048096475416,28.17865259465826,DETERIORATING,-0.1138575883130208,-3.1210935273188056,0.0141735563070692,0.3108115273702054,6.82512123764657,488.07526579167336,12.932278344064231,27.8807941701604,4.311405337191775,SAFE,tds_change,Sensor readings are relatively stable.,False,SAFE,False
71,6.740585137773078,499.3244899266775,13.717310496725744,27.466086838272247,DETERIORATING,-0.0355675008522187,7.8875368732277025,-0.255737599749672,-0.712565756386013,6.809779611293936,493.9273993187391,13.177536613225172,27.708419177466737,4.522225883262052,SAFE,tds_change,Sensor readings are relatively stable.,False,SAFE,False
72,6.707034038599273,496.121862692723,12.486149788261937,27.666393133330832,DETERIORATING,-0.0335510991738043,-3.202627233954445,-1.2311607084638077,0.200306295058585,6.788141851113922,492.9257875675752,13.277391793511928,27.67612408174706,4.995408306186656,SAFE,tds_change,Sensor readings are relatively stable.,False,SAFE,False
73,6.734953498002904,481.4040933097372,13.236873240244158,27.73587527789168,DETERIORATING,0.0279194594036304,-14.717769382985807,0.7507234519822212,0.0694821445608475,6.769747107987774,492.5690891126712,13.47445123237512,27.782969782288216,5.310229141612318,SAFE,tds_change,Sensor readings are relatively stable.,False,SAFE,False
74,6.76534365135631,510.3552018333656,14.590478159983348,27.4260406747671,DETERIORATING,0.0303901533534061,28.951108523628363,1.3536049197391904,-0.3098346031245782,6.744813792871372,495.7285201631906,13.600771956338122,27.69460970378402,7.866341291154407,SAFE,tds_change,Sensor readings are relatively stable.,False,SAFE,False
75,6.852227893175889,494.0749210020642,13.863373530911923,28.009312173537545,DETERIORATING,0.0868842418195789,-16.28028083130141,-0.7271046290714249,0.5832714987704435,6.760028843781491,496.2561137529135,13.578837043225423,27.66074161955988,3.966396098672997,SAFE,tds_change,Sensor readings are relatively stable.,False,SAFE,False
76,6.732119435048191,482.921017216083,15.735463631985356,27.71162074055689,DETERIORATING,-0.1201084581276976,-11.153903785981186,1.8720901010734323,-0.2976914329806561,6.758335703236513,492.97541921079466,13.982467670277344,27.709848400016806,6.82634362588728,SAFE,tds_change,Sensor readings are relatively stable.,False,SAFE,False
77,6.764689397581945,498.06261806840905,14.324654271515495,27.93781297756281,DETERIORATING,0.0325699625337536,15.141600852326064,-1.4108093604698606,0.2261922370059217,6.769866775033047,493.3635702859318,14.350168566928057,27.764132368863205,5.419563815474677,SAFE,tds_change,Sensor readings are relatively stable.,False,SAFE,False
78,6.748178855196362,522.8091174876117,14.293639293192026,27.42500312887916,DETERIORATING,-0.0165105423855829,24.74649941920268,-0.0310149783234692,-0.5128098486836521,6.77251184647174,501.6445751215068,14.56152177751763,27.7019579390607,5.757037125590784,SAFE,tds_change,Sensor readings are relatively stable.,False,SAFE,False
79,6.803919663672404,516.6026609053619,14.022706828638,27.615016679870635,DETERIORATING,0.0557408084760417,-6.206456582249871,-0.2709324645540256,0.1900135509914768,6.780227048934958,502.894066935906,14.44796751124856,27.739753140081405,3.5112456978883744,SAFE,tds_change,Sensor readings are relatively stable.,False,SAFE,False
80,6.866346621293681,503.81617438710566,14.506832723825829,28.08895254313111,DETERIORATING,0.0624269576212768,-12.786486518256195,0.4841258951878284,0.4739358632604755,6.783050794558517,504.8423176129143,14.57665934983134,27.755681214000123,4.152797113157961,SAFE,tds_change,Sensor readings are relatively stable.,False,SAFE,False
81,6.708956561353984,505.4089075481789,14.408024130895566,27.660866739163293,DETERIORATING,-0.1573900599396962,1.5927331610732267,-0.0988085929302631,-0.4280858039678179,6.778418219819675,509.3398956793335,14.311171449613385,27.7455304137214,4.493070232576093,SAFE,tds_change,Sensor readings are relatively stable.,False,SAFE,False
82,6.706528027874088,507.3403793853914,15.226486941350872,28.51078554049336,DETERIORATING,-0.0024285334798959,1.9314718372124844,0.8184628104553067,0.849918801330066,6.766785945878104,511.19544794273,14.491537983580455,27.860124926307517,8.334047948538831,SAFE,tds_change,Sensor readings are relatively stable.,False,SAFE,False
83,6.778708043853453,537.7209758027301,15.555361853435668,27.67014552575416,DETERIORATING,0.0721800159793648,30.38059641733872,0.328874912084796,-0.840640014739197,6.772891783609522,514.1778196057536,14.743882495629189,27.909153405682517,6.243139423712493,SAFE,tds_change,Sensor readings are relatively stable.,False,SAFE,False
84,6.756094574481315,518.9832254267786,14.29120843159364,27.929873890300755,DETERIORATING,-0.0226134693721382,-18.737750375951464,-1.2641534218420285,0.2597283645465928,6.763326765771305,514.6539325100368,14.797582816220316,27.972124847768534,4.4377664764200535,SAFE,tds_change,Sensor readings are relatively stable.,False,SAFE,False
85,6.809835366286801,521.1604997662928,13.985013637153775,28.22303633274924,DETERIORATING,0.0537407918054864,2.177274339514156,-0.3061947944398646,0.2931624424484838,6.7520245147699285,518.1227975858744,14.693218998885904,27.998941605692163,3.9061387802045626,SAFE,tds_change,Sensor readings are relatively stable.,False,SAFE,False
86,6.742196409266297,529.9634014483821,13.711035701517362,27.292653706826787,DETERIORATING,-0.0676389570205042,8.802901682089328,-0.2739779356364131,-0.9303826259224516,6.758672484352391,523.033696365915,14.553821313010264,27.92529899922486,4.571285995572689,SAFE,tds_change,Sensor readings are relatively stable.,False,SAFE,False
87,6.690535395460647,522.0654699083182,15.716393061530036,27.16567647520769,DETERIORATING,-0.0516610138056501,-7.897931540063951,2.005357360012674,-0.1269772316190973,6.755473957869702,525.9787144705003,14.651802537046098,27.656277186167728,7.650005108109306,SAFE,tds_change,Sensor readings are relatively stable.,False,SAFE,False
88,6.733532741534615,517.6914942501515,14.5573067150609,27.26973747417196,DETERIORATING,0.0429973460739683,-4.373975658166614,-1.1590863464691363,0.1040609989642717,6.746438897405935,521.9728181599846,14.452191509371142,27.576195575851283,4.309191873873585,SAFE,tds_change,Sensor readings are relatively stable.,False,SAFE,False
89,6.754935179029145,520.0438018109802,13.847687525638014,28.39503364137088,DETERIORATING,0.0214024374945296,2.352307560828649,-0.7096191894228863,1.1252961671989148,6.7462070183155,522.184933436825,14.363487328180016,27.66922752606531,7.240045421025862,SAFE,tds_change,Sensor readings are relatively stable.,False,SAFE,False
90,6.736024109059867,523.1407848870313,16.01086288362477,27.67925674164302,DETERIORATING,-0.0189110699692776,3.0969830760510604,2.1631753579867574,-0.7157768997278566,6.731444766870115,522.5809904609727,14.768657177474216,27.560471607844068,7.452160047166211,SAFE,tds_change,Sensor readings are relatively stable.,False,SAFE,False
91,6.715863701555364,525.153333161882,17.824399613946234,28.9332797142673,DETERIORATING,-0.0201604075045036,2.012548274850701,1.813536730321463,1.2540229726242806,6.726178225327928,521.6189768036727,15.591329959959989,27.88859680933217,10.905422352012636,SAFE,tds_change,Sensor readings are relatively stable.,False,SAFE,False
92,6.739333734479458,535.9315545236439,15.955143270768088,27.69430096053705,DETERIORATING,0.0234700329240942,10.778221361761894,-1.8692563431781453,-1.238978753730251,6.735937893131689,524.3921937267378,15.639080001807605,27.994321706398047,4.772251691749083,SAFE,tds_change,Sensor readings are relatively stable.,False,SAFE,False
93,6.739964779522284,529.4233506296875,16.760792619561315,28.00382052127881,DETERIORATING,0.0006310450428257,-6.508203893956306,0.8056493487932261,0.3095195607417622,6.737224300729224,526.7385650026449,16.079777182707684,28.14113831581941,6.037561012580871,SAFE,tds_change,Sensor readings are relatively stable.,False,SAFE,False
94,6.746107949551876,539.191680926587,16.28546348683805,28.55684398102715,DETERIORATING,0.0061431700295919,9.76833029689942,-0.4753291327232638,0.5530234597483386,6.735458854833769,530.5681408257662,16.567332374947693,28.173500383750667,6.248917559718834,SAFE,tds_change,Sensor readings are relatively stable.,False,SAFE,False
95,6.704935494379481,531.031401038697,16.27088827744709,28.75243715526365,DETERIORATING,-0.0411724551723944,-8.160279887889942,-0.0145752093909621,0.1955931742364995,6.729241131897693,532.1462640560995,16.619337453712156,28.388136466474798,5.01274710701728,SAFE,tds_change,Sensor readings are relatively stable.,False,SAFE,False
96,6.659644095984157,534.5436222837931,17.215261186390215,28.78460143065456,DETERIORATING,-0.0452913983953244,3.5122212450960437,0.9443729089431264,0.0321642753909117,6.717997210783452,534.0243218804817,16.49750976820095,28.358400809752244,6.899368449432758,SAFE,tds_change,Sensor readings are relatively stable.,False,SAFE,False
97,6.670835684321666,511.2215917856148,16.377780364649077,28.45334649223725,DETERIORATING,0.0111915883375095,-23.322030498178265,-0.8374808217411385,-0.3312549384173096,6.704297600751893,529.0823293328758,16.58203718697715,28.51020991609229,4.937464735175006,SAFE,tds_change,Sensor readings are relatively stable.,False,SAFE,False
98,6.719325448325417,547.7959320964297,16.953913851257525,28.389625010324583,DETERIORATING,0.0484897640037509,36.57434031081493,0.5761334866084482,-0.063721481912669,6.700169734512519,532.7568456262244,16.620661433316393,28.58737081390144,8.000265729896608,SAFE,tds_change,Sensor readings are relatively stable.,False,SAFE,False
99,6.613653216450638,542.5578617107759,17.12735824495681,28.22701077968048,DETERIORATING,-0.1056722318747791,-5.238070385653828,0.1734443936992846,-0.162614230644106,6.673678787892271,533.4300817830621,16.789040384940144,28.5214041736321,6.055368343789356,SAFE,tds_change,Sensor readings are relatively stable.,False,SAFE,False
100,6.6684336654436445,551.9761213183158,16.46552763708556,28.31134443046665,DETERIORATING,0.0547804489930063,9.41825960753988,-0.6618306078712486,0.0843336507861742,6.666378422105105,537.6190258389859,16.827968256867837,28.43318562867271,5.979956739307046,SAFE,tds_change,Sensor readings are relatively stable.,False,SAFE,False
101,6.625833059383631,506.8449354616757,17.92363387962922,27.78952571346859,DETERIORATING,-0.042600606060013,-45.13118585664012,1.4581062425436606,-0.5218187169980624,6.659616214784999,532.0792884745624,16.969642795515636,28.234170485235516,7.7996634730610195,SAFE,tds_change,Sensor readings are relatively stable.,False,SAFE,False
102,6.642437241146741,568.2604964573687,17.12003219464367,27.69272044663108,DETERIORATING,0.0166041817631095,61.415560995693056,-0.8036016849855514,-0.0968052668375101,6.653936526150015,543.4870694089132,17.118093161514558,28.082045276114275,10.27668626245433,SAFE,tds_change,Sensor readings are relatively stable.,False,SAFE,False
103,6.700422593130365,543.1249244621379,16.785403872405723,28.02865021703562,DETERIORATING,0.0579853519836239,-25.135571995230865,-0.3346283222379469,0.3359297704045403,6.650155955111003,542.5528678820548,17.084391165744197,28.009850317456483,5.501450414258147,SAFE,tds_change,Sensor readings are relatively stable.,False,SAFE,False
104,6.641554953400995,559.6981938008502,17.949207874856324,27.97192615099003,DETERIORATING,-0.0588676397293701,16.573269338712294,1.1638040024506004,-0.0567240660455894,6.655736302501076,545.9809343000696,17.2487610917241,27.958833391718397,8.448243249757962,SAFE,tds_change,Sensor readings are relatively stable.,False,SAFE,False
105,6.629821827407807,535.5211288744937,16.93122561456717,27.86870878026909,DETERIORATING,-0.0117331259931878,-24.17706492635648,-1.0179822602891555,-0.1032173707209409,6.648013934893908,542.6899358113052,17.341900687220424,27.870306261678884,5.5526725888828965,SAFE,tds_change,Sensor readings are relatively stable.,False,SAFE,False
106,6.555007192951003,556.9532868607508,17.802544925895305,28.338554978982685,DETERIORATING,-0.0748146344568034,21.432157986257156,0.8713193113281363,0.4698461987135971,6.633848761607382,552.7116060911202,17.317682896473638,27.9801121147817,11.105982307768516,SAFE,tds_change,Sensor readings are relatively stable.,False,SAFE,False
107,6.65581267830136,538.5590132419162,17.90270480268464,28.452122083428204,DETERIORATING,0.1008054853503566,-18.39427361883463,0.1001598767893341,0.1135671044455186,6.636523849038307,546.7713094480298,17.47421741808183,28.13199244214113,5.653750954000157,SAFE,tds_change,Sensor readings are relatively stable.,False,SAFE,False
108,6.6462742090570535,545.3147724716503,18.90871645266526,28.11536275451673,DETERIORATING,-0.0095384692443065,6.755759229734053,1.006011649980621,-0.3367593289114694,6.625694172223644,547.2092790499322,17.89887993413374,28.149334949637343,7.355365077493854,SAFE,tds_change,Sensor readings are relatively stable.,False,SAFE,False
109,6.7176627361652725,577.3683762464015,18.54975858630396,28.681012032422103,DETERIORATING,0.071388527108219,32.053603774751195,-0.3589578663613011,0.5656492779053686,6.6409157287765,550.7433155390424,18.018990076423268,28.29115212592377,8.496295093217114,SAFE,tds_change,Sensor readings are relatively stable.,False,SAFE,False
110,6.589611088252349,553.7118111908399,18.279978433003887,27.6433243543466,DETERIORATING,-0.1280516479129234,-23.6565650555616,-0.2697801533000721,-1.037687678075503,6.632873580945407,554.3814520023118,18.28874064011061,28.246075240739263,6.155833676214764,SAFE,tds_change,Sensor readings are relatively stable.,False,SAFE,False
111,6.611457516383196,560.2091944781567,19.08421303936023,28.03253621628811,DETERIORATING,0.0218464281308472,6.497383287316893,0.8042346063563421,0.3892118619415114,6.644163645631847,555.0326335257929,18.545074262803595,28.18487148820035,8.721915412596454,SAFE,tds_change,Sensor readings are relatively stable.,False,SAFE,False
112,6.6084691841855365,569.640812768265,19.67216603921385,27.83327107175888,DETERIORATING,-0.0029883321976598,9.431618290108304,0.5879529998536199,-0.1992651445292317,6.634694946808682,561.2489934310627,18.89896651010944,28.06110128586649,7.509421200206046,SAFE,tds_change,Sensor readings are relatively stable.,False,SAFE,False
113,6.670372663988173,566.7481826556713,19.13624824508149,27.383385353170773,DETERIORATING,0.0619034798026367,-2.8926301125937925,-0.5359177941323594,-0.4498857185881064,6.639514637794906,565.5356754678669,18.944472868592683,27.914705805597293,4.9444100401774005,SAFE,tds_change,Sensor readings are relatively stable.,False,SAFE,False
114,6.5822352233806525,564.2050268617229,18.828282095874705,28.10692772566292,DETERIORATING,-0.0881374406075208,-2.5431557939483582,-0.3079661492067842,0.7235423724921475,6.612429135237981,562.9030055909311,19.000177570506832,27.79988894424546,8.437098766766656,SAFE,tds_change,Sensor readings are relatively stable.,False,SAFE,False
115,6.596451076288517,568.3795320295947,17.90053101411987,28.101300996646685,DETERIORATING,0.0142158529078644,4.174505167871757,-0.9277510817548348,-0.0056267290162352,6.613797132845216,565.8365497586822,18.92428808673003,27.89148427270548,6.387194269101987,SAFE,tds_change,Sensor readings are relatively stable.,False,SAFE,False
116,6.608394825485826,594.4409870228593,18.2279090695397,28.765379897296853,DETERIORATING,0.0119437491973091,26.061454993264647,0.3273780554198282,0.6640789006501677,6.613184594665741,572.6829082676226,18.75302729276592,28.038053008907223,10.442297802254028,SAFE,tds_change,Sensor readings are relatively stable.,False,SAFE,False
117,6.582830456157817,566.508574435597,18.965820236516265,28.42232467382191,DETERIORATING,-0.0255643693280092,-27.93241258726232,0.7379111669765663,-0.3430552234749413,6.608056849060196,572.056460601089,18.61175813222641,28.155863729319822,7.364409908097597,SAFE,tds_change,Sensor readings are relatively stable.,False,SAFE,False
118,6.546678319272473,571.2131885605795,18.852390238272573,27.77032527026832,DETERIORATING,-0.0361521368853434,4.704614124982527,-0.1134299982436921,-0.6519994035535923,6.583317980117057,572.9494617820707,18.55498653086462,28.23325171273934,7.176194340911502,SAFE,tds_change,Sensor readings are relatively stable.,False,SAFE,False
119,6.574204499644916,583.0078527520914,19.32042295761164,28.931637026533675,DETERIORATING,0.0275261803724422,11.794664191511856,0.4680327193390674,1.1613117562653557,6.5817118353699104,576.7100269601444,18.65341470321201,28.39819357291349,11.516489988451884,SAFE,tds_change,Sensor readings are relatively stable.,False,SAFE,False
120,6.613681587492988,585.2663111954959,19.645319939917687,28.68841347821014,DETERIORATING,0.0394770878480725,2.2584584434044928,0.324896982306047,-0.2432235483235345,6.585157937610804,580.0873827933245,19.00237248837157,28.515616069226176,6.462798336536607,SAFE,tds_change,Sensor readings are relatively stable.,False,SAFE,False
121,6.504174235029447,587.8443636667246,20.153754203485384,28.442839081387447,DETERIORATING,-0.1095073524635408,2.578052471228716,0.5084342635676968,-0.2455743968226933,6.564313819519529,578.7680581220977,19.387541515160716,28.451107906044296,8.406282067608132,SAFE,tds_change,Sensor readings are relatively stable.,False,SAFE,False
122,6.557648483707343,582.8647626643502,19.80360097755273,28.129406360460067,DETERIORATING,0.0534742486778956,-4.979601002374352,-0.3501532259326545,-0.3134327209273806,6.559277425029433,582.0392957678483,19.555097663368,28.39252424337193,6.635272744389855,SAFE,tds_change,Sensor readings are relatively stable.,False,SAFE,False
123,6.511493959253041,563.0839410472341,20.379201315060964,27.84622430531061,DETERIORATING,-0.0461545244543017,-19.78082161711609,0.5756003375082344,-0.2831820551494566,6.5522405530255465,580.4134462651792,19.86045987872568,28.407704050380385,8.190991117466734,SAFE,tds_change,Sensor readings are relatively stable.,False,SAFE,False
124,6.601752331446242,598.0011783876131,20.171579531848096,28.09111728957157,DETERIORATING,0.0902583721932011,34.91723734037896,-0.2076217832128684,0.2448929842609644,6.557750119385813,583.4121113922836,20.03069119357297,28.23960010298797,9.501772968319576,SAFE,tds_change,Sensor readings are relatively stable.,False,SAFE,False
125,6.461340654760811,566.2438552837757,18.669626746916904,28.685499447881675,DETERIORATING,-0.1404116766854315,-31.757323103837397,-1.501952784931191,0.5943821583101006,6.527281932839377,579.6076202099396,19.83555255497281,28.23901729692228,9.86303665351814,SAFE,tds_change,Sensor readings are relatively stable.,False,SAFE,False
126,6.50505390763642,585.2316255828684,19.628531684945,29.013834522373845,DETERIORATING,0.0437132528756096,18.987770299092745,0.9589049380280948,0.3283350744921698,6.527457867360772,579.0850725931683,19.73050805126474,28.35321638511956,11.366575639899764,SAFE,tds_change,Sensor readings are relatively stable.,False,SAFE,False
127,6.5473605937532255,574.1486897997678,20.394729955422708,28.887297411308875,DETERIORATING,0.0423066861168051,-11.082935783100652,0.7661982704777088,-0.1265371110649695,6.525400289369948,577.3418580202518,19.848733846838734,28.504794595289315,7.93888849941818,SAFE,tds_change,Sensor readings are relatively stable.,False,SAFE,False
128,6.6022762014617165,584.030339840884,19.672244205727115,28.08446023128549,DETERIORATING,0.0549156077084909,9.881650041116243,-0.7224857496955934,-0.8028371800233849,6.543556737811683,581.5311377789818,19.70734242497197,28.55244178048429,6.7563889813635525,SAFE,tds_change,Sensor readings are relatively stable.,False,SAFE,False
129,6.51621248694635,590.3451489236418,21.249942983996963,27.8421530266844,DETERIORATING,-0.0860637145153662,6.314809082757733,1.5776987782698484,-0.2423072046010936,6.526448768911704,579.9999318861876,19.92301511540174,28.502648927906854,10.128545589830138,SAFE,tds_change,Sensor readings are relatively stable.,False,SAFE,False
130,6.48724002366534,591.8562865854033,22.12460066587496,28.35635449876448,DETERIORATING,-0.0289724632810104,1.511137661761495,0.8746576818779985,0.5142014720800852,6.53162864269261,585.1224181465129,20.61400989919335,28.436819938083413,10.666881597018076,SAFE,tds_change,Sensor readings are relatively stable.,False,SAFE,False
131,6.604557853472029,594.6630490508235,22.005009481357856,27.60262425377486,DETERIORATING,0.117317829806689,2.8067624654202064,-0.1195911845171053,-0.7537302449896224,6.551529431859732,587.0087028401041,21.08930545847592,28.15457788436362,6.156173195153184,SAFE,tds_change,Sensor readings are relatively stable.,False,SAFE,False
132,6.433599304979187,610.5645352287038,20.98924570325584,28.44926708567392,DETERIORATING,-0.1709585484928419,15.901486177880315,-1.01576377810202,0.8466428318990573,6.528777174104924,594.2918719258912,21.208208608042547,28.06697181923663,12.308057815239794,SAFE,tds_change,Sensor readings are relatively stable.,False,SAFE,False
133,6.391559702168996,598.2424116181677,22.48258090947996,28.27095896548053,DETERIORATING,-0.042039602810191,-12.322123610536096,1.493335206224124,-0.1783081201933853,6.486633874246381,597.134286281348,21.77027594879312,28.104271566075635,11.366607276801249,SAFE,tds_change,Sensor readings are relatively stable.,False,SAFE,False
134,6.519000722502667,591.4701203765122,21.53893396576169,28.1535853992527,DETERIORATING,0.1274410203336708,-6.772291241655466,-0.9436469437182708,-0.1173735662278296,6.487191521357644,597.359280571922,21.828074145146054,28.166558040589297,7.214989162459999,SAFE,tds_change,Sensor readings are relatively stable.,False,SAFE,False
135,6.467397288782369,607.5690460194603,21.28033122310557,27.712118773093284,DETERIORATING,-0.0516034337202979,16.098925642948075,-0.2586027426561195,-0.4414666261594178,6.48322297438105,600.5018324587334,21.65922025659218,28.037710895455056,9.276954719700315,SAFE,tds_change,Sensor readings are relatively stable.,False,SAFE,False
136,6.436938359143464,611.8736458670957,21.18927786916725,28.565440042627888,DETERIORATING,-0.0304589296389048,4.304599847635359,-0.0910533539383209,0.8533212695346037,6.449699075515336,603.943951821988,21.49607393415406,28.230274053225667,11.350256409262682,SAFE,tds_change,Sensor readings are relatively stable.,False,SAFE,False
137,6.518917822364967,584.4687062183561,21.5680242508095,28.15691966413524,DETERIORATING,0.0819794632215034,-27.404939648739514,0.3787463816422516,-0.4085203784926463,6.466762778992492,598.7247860199184,21.611829643664795,28.171804568917928,7.784352236988868,SAFE,tds_change,Sensor readings are relatively stable.,False,SAFE,False
138,6.491190035688559,607.9688008381983,21.62945854516701,27.912033265715884,DETERIORATING,-0.027727786676408,23.50009461984212,0.061434294357511,-0.2448863984193572,6.4866888456964045,600.6700638639245,21.441205170802203,28.100019428965,9.604308475795246,SAFE,tds_change,Sensor readings are relatively stable.,False,SAFE,False
139,6.446296068463163,610.8140729077307,22.20633297790039,27.24109511468734,DETERIORATING,-0.0448939672253958,2.845272069532484,0.5768744327333799,-0.6709381510285439,6.472147914888504,604.5388543701682,21.574684973229942,27.91752137205193,9.398492387715216,SAFE,tds_change,Sensor readings are relatively stable.,False,SAFE,False
140,6.405984780066455,600.4292379596801,22.32845918483989,28.388994037979742,DETERIORATING,-0.0403112883967082,-10.38483494805064,0.1221262069394981,1.1478989232924022,6.459865413145321,603.1108927582121,21.78431056557681,28.052896425029218,12.537114379289626,SAFE,tds_change,Sensor readings are relatively stable.,False,SAFE,False
141,6.509122866414007,622.1084817597394,22.33243681612273,29.1189006386679,DETERIORATING,0.1031380863475517,21.67924380005934,0.0039776312828401,0.7299066006881567,6.47430231459943,605.1578599367409,22.012942354967908,28.16358854423722,11.293182756783375,SAFE,tds_change,Sensor readings are relatively stable.,False,SAFE,False
142,6.493510058897932,605.3993329556097,22.80955053579708,29.08450368581915,DETERIORATING,-0.0156128075160744,-16.709148804129768,0.4771137196743495,-0.0343969528487484,6.4692207619060245,609.3439852841916,22.26124761196542,28.349105348574007,8.313019696042538,SAFE,tds_change,Sensor readings are relatively stable.,False,SAFE,False
143,6.451541206811031,610.3069174416585,23.54251701982908,28.24716149736549,DETERIORATING,-0.0419688520869012,4.907584486048791,0.7329664840319978,-0.8373421884536612,6.461290996130518,609.8116086048838,22.643859306897838,28.416130994903927,9.718938382766432,SAFE,tds_change,Sensor readings are relatively stable.,False,SAFE,False
144,6.544331849802383,608.3231381085935,23.47964330835305,28.19911517585529,DETERIORATING,0.0927906429913516,-1.9837793330649447,-0.0628737114760227,-0.0480463215101991,6.480898152398362,609.3134216450562,22.898521372988363,28.60773500713752,6.835022252964258,SAFE,tds_change,Sensor readings are relatively stable.,False,SAFE,False
145,6.393995761683692,612.1869485709776,21.66208162524008,28.63750970243001,DETERIORATING,-0.1503360881186903,3.863810462384095,-1.8175616831129773,0.4383945265747186,6.478500348721809,611.6649637673157,22.765245861068404,28.65743814002757,10.714351991459496,SAFE,tds_change,Sensor readings are relatively stable.,False,SAFE,False
146,6.366723741453763,600.4446989572576,20.93686309207844,28.060645824324684,DETERIORATING,-0.0272720202299296,-11.742249613719991,-0.7252185331616374,-0.5768638781053248,6.45002052372976,607.3322072068194,22.486131116259543,28.445787177158923,9.49914387819356,SAFE,tds_change,Sensor readings are relatively stable.,False,SAFE,False
147,6.403904596505937,597.9193894088685,23.857455928991417,28.590716759927787,DETERIORATING,0.0371808550521741,-2.5253095483891457,2.920592836912977,0.5300709356031028,6.432099431251362,605.8362184974711,22.69571219489841,28.347029791980653,14.91253311458972,SAFE,turbidity_change,Sensor readings are relatively stable.,False,SAFE,False
148,6.431720699182224,635.9340607586996,22.14649704126766,28.786432111353875,DETERIORATING,0.0278161026762875,38.01467134983113,-1.7109588877237556,0.1957153514260881,6.428135329725601,610.9616471608794,22.416508199186133,28.45488391477833,12.15250927453139,SAFE,tds_change,Sensor readings are relatively stable.,False,SAFE,False
149,6.441666972466135,608.23646382018,23.190187678485856,28.98077328955372,DETERIORATING,0.0099462732839104,-27.69759693851961,1.0436906372181944,0.1943411781998456,6.40760235425835,610.9443123031967,22.35861707321269,28.611215537518017,10.523554903434803,SAFE,tds_change,Sensor readings are relatively stable.,False,SAFE,False
150,6.412938197107184,608.1032918065243,22.56390957915251,28.45993836940801,DETERIORATING,-0.0287287753589504,-0.1331720136556669,-0.6262780993333443,-0.5208349201457061,6.411390841343049,610.1275809503061,22.538982663995174,28.57570127091362,8.805927043392234,SAFE,turbidity_change,Sensor readings are relatively stable.,False,SAFE,False
151,6.438102769825714,595.7593186367554,22.188415649935983,28.428530499929217,DETERIORATING,0.0251645727185296,-12.3439731697689,-0.3754939292165282,-0.031407869478798,6.425666647017439,609.1905048862056,22.789293175566687,28.649278206034523,8.42845845261429,SAFE,tds_change,Sensor readings are relatively stable.,False,SAFE,False
152,6.353423028790477,615.532459027726,24.19317018256384,28.16880696529737,DETERIORATING,-0.0846797410352371,19.773140390970525,2.004754532627853,-0.2597235346318456,6.415570333474347,612.7131188099771,22.85643602628117,28.564896247108443,14.287637598362268,SAFE,tds_change,Sensor readings are relatively stable.,False,SAFE,False
153,6.483688230203662,608.92292247911,24.49732412824212,28.19924785838406,DETERIORATING,0.1302652014131853,-6.609536548616006,0.3041539456782836,0.0304408930866877,6.4259638396786345,607.3108911540592,23.32660144367606,28.44745939651448,8.292230144722556,SAFE,tds_change,Sensor readings are relatively stable.,False,SAFE,False
154,6.402892441080372,646.1041819216364,23.558791679418626,28.44940844323939,DETERIORATING,-0.0807957891232904,37.181259442526425,-0.9385324488234944,0.2501605848553296,6.418208933401482,614.8844347743504,23.40032224386261,28.341186427251607,12.681595893762529,SAFE,tds_change,Sensor readings are relatively stable.,False,SAFE,False
155,6.458364791579406,640.1178050721117,22.07716616628408,28.69694620272648,DETERIORATING,0.0554723504990342,-5.986376849524731,-1.4816255131345493,0.2475377594870877,6.427294252295927,621.287337427468,23.30297356128893,28.3885879939153,8.867141404770173,SAFE,tds_change,Sensor readings are relatively stable.,False,SAFE,False
156,6.415136267318885,621.3421958578673,23.843004441398016,28.9254338504933,DETERIORATING,-0.0432285242605212,-18.775609214244355,1.7658382751139392,0.2284876477668227,6.42270095179456,626.4039128716902,23.63389131958133,28.48796866402812,12.107176346188108,SAFE,tds_change,Sensor readings are relatively stable.,False,SAFE,False
157,6.416337660957689,658.2292296641317,24.72344320432204,28.24872841972786,DETERIORATING,0.0012013936388042,36.88703380626441,0.880438762924026,-0.6767054307654377,6.435283878228003,634.9432669989714,23.73994592393297,28.50395295491422,13.026555934521856,SAFE,tds_change,Sensor readings are relatively stable.,False,SAFE,False
158,6.41748836401161,644.5811858438991,23.356870744980696,29.17707542758381,DETERIORATING,0.0011507030539208,-13.6480438202326,-1.366572459341345,0.9283470078559476,6.422043904989593,642.0749196719293,23.511855247280693,28.699518468754167,11.522715563393696,SAFE,tds_change,Sensor readings are relatively stable.,False,SAFE,False
159,6.406885428000865,630.5020233978966,24.816687935823325,28.48155055958297,DETERIORATING,-0.0106029360107449,-14.079162446002556,1.459817190842628,-0.6955248680008381,6.422842502373692,638.9544879671813,23.763434498561637,28.705946892022883,11.08644436625097,SAFE,tds_change,Sensor readings are relatively stable.,False,SAFE,False
160,6.412136137993377,606.0071314215171,24.787752120661604,28.591453082260628,DETERIORATING,0.005250709992512,-24.49489197637945,-0.02893581516172,0.1099025226776575,6.413596771656485,632.1323532370624,24.30555168943713,28.68484826792972,9.147665498132318,SAFE,tds_change,Sensor readings are relatively stable.,False,SAFE,False
161,6.441957626506621,665.0913108710889,25.39343319968087,28.31111532834087,DETERIORATING,0.0298214885132441,59.08417944957182,0.6056810790192664,-0.2803377539197598,6.418961043494032,640.8821762397067,24.615637441093707,28.561984563499227,14.005891576895328,SAFE,tds_change,Sensor readings are relatively stable.,False,SAFE,False
162,6.380826058485073,622.5251303988368,25.155664294731324,27.650303895890826,DETERIORATING,-0.0611315680215485,-42.566180472252086,-0.2377689049495472,-0.6608114324500427,6.41185872299951,633.7413563866478,24.70208165917556,28.44229965873182,9.28760912272391,SAFE,tds_change,Sensor readings are relatively stable.,False,SAFE,False
163,6.401950187879425,621.0552150365172,24.41154484729476,28.98361815854442,DETERIORATING,0.0211241293943524,-1.4699153623196253,-0.7441194474365673,1.3333142626535943,6.408751087773072,629.0361622251713,24.913016479638376,28.403608204923945,12.970689969769406,SAFE,tds_change,Sensor readings are relatively stable.,False,SAFE,False
164,6.357513215285639,654.6708451841157,26.2772572013316,28.93473755883697,DETERIORATING,-0.044436972593786,33.615630147598495,1.865712354036841,-0.0488805997074486,6.398876645230027,633.8699265824151,25.205130332740037,28.494245604774743,15.125120713578555,SAFE,tds_change,Sensor readings are relatively stable.,False,SAFE,False
165,6.4295058607724735,673.2770288760713,25.323176341578424,28.53746897715272,DETERIORATING,0.0719926454868344,18.606183691955607,-0.9540808597531728,-0.3972685816842549,6.402350589785845,647.323906073326,25.312215176923395,28.48344878375316,10.045906783769343,SAFE,tds_change,Sensor readings are relatively stable.,False,SAFE,False
166,6.319180384897036,662.2112738221261,25.55815636839205,28.686796286889948,DETERIORATING,-0.1103254758754372,-11.065755053945168,0.234980026813627,0.1493273097372309,6.377795141463929,646.7478986635335,25.34515981066563,28.55858497546297,11.01274619597659,SAFE,tds_change,Sensor readings are relatively stable.,False,SAFE,False
167,6.43854702164554,653.9669094406283,24.96338563274145,28.87637568708164,DETERIORATING,0.119366636748504,-8.244364381497803,-0.5947707356506022,0.1895794001916932,6.389339334096023,653.0362544718917,25.306704078267657,28.803799333701143,8.990532875891976,SAFE,tds_change,Sensor readings are relatively stable.,False,SAFE,False
168,6.341992102467782,655.9370520999834,25.48537419904679,28.05498165724538,DETERIORATING,-0.0965549191777581,1.9701426593550195,0.5219885663053425,-0.8213940298362594,6.377347717013694,660.012621884585,25.521469948618066,28.61807203344133,10.810712725189685,SAFE,tds_change,Sensor readings are relatively stable.,False,SAFE,False
169,6.267961244894097,660.6409867053636,25.26215782877848,28.478378929061485,DETERIORATING,-0.0740308575736854,4.703934605380255,-0.2232163702683109,0.4233972718161034,6.359437322935387,661.2066501888346,25.31845007410744,28.526800307486237,12.62708791046728,SAFE,tds_change,Sensor readings are relatively stable.,False,SAFE,False
170,6.341405220745539,661.1071430774412,25.96164315206126,29.01770587184873,DETERIORATING,0.0734439758514424,0.4661563720775348,0.6994853232827793,0.5393269427872447,6.341817194929999,658.7726730291085,25.446143436204007,28.62284768642544,12.58342301186902,SAFE,turbidity_change,Sensor readings are relatively stable.,False,SAFE,False
171,6.296447417126256,656.9742970876325,27.59936678411388,28.2082842307323,DETERIORATING,-0.0449578036192832,-4.132845989808629,1.6377236320526194,-0.8094216411164297,6.337270601375844,657.7252776822098,25.85438551934837,28.52714527519391,13.00987419118509,SAFE,tds_change,Sensor readings are relatively stable.,False,SAFE,False
172,6.368032177449436,656.4504132474226,25.26247908565492,28.83742317286665,DETERIORATING,0.07158476032318,-0.5238838402099191,-2.3368876984589626,0.6291389421343503,6.323167632536622,658.2219784435687,25.914204209931064,28.51935477235091,11.366934164661512,SAFE,turbidity_change,Sensor readings are relatively stable.,False,SAFE,False
173,6.28886880103488,656.0488824652057,25.199150881698607,28.18736727815064,DETERIORATING,-0.0791633764145558,-0.4015307822169234,-0.0633282039563098,-0.6500558947160116,6.312542972250041,658.2443445166131,25.85695954646143,28.54583189653196,10.666967984476798,SAFE,temperature_change,Sensor readings are relatively stable.,False,SAFE,False
174,6.29469082833926,649.3524249335999,27.796936261994887,28.926571992973408,DETERIORATING,0.0058220273043803,-6.696457531605802,2.59778538029628,0.739204714822769,6.317888888939075,655.9866321622603,26.363915233104716,28.63547050931435,16.69392978982382,SAFE,tds_change,Sensor readings are relatively stable.,False,SAFE,False
175,6.218022963452723,656.6318990775987,26.582541058278508,28.735743407081006,DETERIORATING,-0.0766678648865371,7.279474143998868,-1.2143952037163783,-0.190828585892401,6.293212437480511,655.0915833622919,26.48809481434816,28.579078016360803,12.31201347972906,SAFE,tds_change,Sensor readings are relatively stable.,False,SAFE,False
176,6.285384684037546,641.2845182296554,26.344741809072065,28.1139472736378,DETERIORATING,0.0673617205848229,-15.347380847943327,-0.2377992492064429,-0.6217961334432047,6.290999890862769,651.9536275906964,26.237169819339798,28.560210624941902,10.719229739436804,SAFE,tds_change,Sensor readings are relatively stable.,False,SAFE,False
177,6.182306033668552,662.019924478463,27.841923749916862,29.23589574178287,DETERIORATING,-0.1030786503689942,20.735406248807635,1.497181940844797,1.121948468145067,6.253854662106592,653.0675298369046,26.753058752192185,28.639905138725148,19.53586031057873,SAFE,tds_change,Sensor readings are relatively stable.,False,SAFE,False
178,6.2198048588257135,652.9369067141889,26.65550756821051,28.48616336928078,DETERIORATING,0.0374988251571615,-9.083017764274132,-1.1864161817063523,-0.7497323725020877,6.240041873664759,652.4451346867012,27.044330089494565,28.69966435695117,11.702927117614298,SAFE,tds_change,Sensor readings are relatively stable.,False,SAFE,False
179,6.332520732807215,653.1569281934107,28.730807770837547,28.465899025194247,DETERIORATING,0.112715873981501,0.2200214792218275,2.0753002026270373,-0.0202643440865344,6.24760785455835,653.2060353386635,27.231104391263106,28.60752976339534,13.142741030170082,SAFE,turbidity_change,Sensor readings are relatively stable.,False,SAFE,False
180,6.329290007932541,670.1587298138418,27.94234069707142,28.88022767889238,DETERIORATING,-0.0032307248746734,17.001801620431024,-0.7884670737661281,0.4143286536981314,6.269861263454314,655.9114014859119,27.50306431902168,28.63642661775761,12.66377997174076,SAFE,tds_change,Sensor readings are relatively stable.,False,SAFE,False
181,6.306772878089248,686.3040274361352,27.13967087348344,29.269454939771485,DETERIORATING,-0.0225171298432931,16.14529762229347,-0.8026698235879799,0.3892272608791067,6.274138902264655,664.915303327208,27.662050131903957,28.86752815098436,12.857712421082075,SAFE,tds_change,Sensor readings are relatively stable.,False,SAFE,False
182,6.232651192843539,682.2197992720278,29.385846570612404,28.41367127240864,DETERIORATING,-0.0741216852457089,-4.084228164107458,2.2461756971289653,-0.8557836673628465,6.284207934099651,668.9552782859209,27.970834696043063,28.703083257109505,14.879495653040362,SAFE,tds_change,Sensor readings are relatively stable.,False,SAFE,False
183,6.2741144321929,653.9539927565219,27.30542806159733,28.854671939939188,DETERIORATING,0.041463239349361,-28.265806515505915,-2.0804185090150757,0.4410006675305489,6.295069848773089,669.1586954943875,28.100818794720425,28.776784971241188,12.211285519698144,SAFE,tds_change,Sensor readings are relatively stable.,False,SAFE,False
184,6.271819873045471,662.524462361156,28.513676297607446,29.01152660013223,DETERIORATING,-0.0022945591474288,8.570469604634127,1.2082482360101174,0.1568546601930407,6.28292967682074,671.0322023279365,28.057392500074407,28.885910486228784,13.89127580728296,SAFE,tds_change,Sensor readings are relatively stable.,False,SAFE,False
185,6.209581765540373,687.2892542558586,28.2894340643252,29.127242242905258,DETERIORATING,-0.0622381075050979,24.764791894702626,-0.2242422332822471,0.1157156427730292,6.258988028342307,674.4583072163399,28.12681117352516,28.93531339903136,14.184603796789698,SAFE,tds_change,Sensor readings are relatively stable.,False,SAFE,False
186,6.338169915088358,665.8101512775403,29.22139303151904,28.93057662211089,DETERIORATING,0.1285881495479843,-21.479102978318338,0.9319589671938396,-0.1966656207943664,6.265267435742128,670.3595319846208,28.543155605132284,28.86753773549924,11.325389724465394,SAFE,tds_change,Sensor readings are relatively stable.,False,SAFE,False
187,6.302368114528783,676.5044022000358,29.55920895738149,28.72318886436668,DETERIORATING,-0.0358018005595743,10.694250922495485,0.3378159258624507,-0.2073877577442147,6.279210820079177,669.2164525702225,28.5778280824861,28.92944125389085,11.826742244661563,SAFE,tds_change,Sensor readings are relatively stable.,False,SAFE,False
188,6.242951791308516,687.4006251882946,28.46560331925261,28.54896391174051,DETERIORATING,-0.0594163232202671,10.896222988258842,-1.093605638128878,-0.1742249526261652,6.2729782919023,675.905779056577,28.80986313401716,28.86829964825111,12.227420969432966,SAFE,tds_change,Sensor readings are relatively stable.,False,SAFE,False
189,6.250844291949726,670.7798665416364,27.96726570372305,28.924457553218552,DETERIORATING,0.0078925006412093,-16.62075864665826,-0.4983376155295609,0.375493641478041,6.268783175683152,677.5568598926732,28.70058101524028,28.85088583886838,12.36381654518824,SAFE,tds_change,Sensor readings are relatively stable.,False,SAFE,False
190,6.255419140397377,685.2645060737515,29.067977714351294,28.471144395205755,DETERIORATING,0.0045748484476515,14.484639532115123,1.1007120106282429,-0.4533131580127971,6.277950650654551,677.1519102562518,28.856289745245498,28.71966626932848,13.978552072550915,SAFE,tds_change,Sensor readings are relatively stable.,False,SAFE,False
191,6.138413256578786,669.5916940609815,28.28782770419832,27.74145980660216,DETERIORATING,-0.1170058838185914,-15.67281201277001,-0.7801500101529761,-0.7296845886035968,6.237999318952637,677.9082188129399,28.66957667978135,28.481842906226728,12.923801151318216,SAFE,tds_change,Sensor readings are relatively stable.,False,SAFE,False
192,6.22364113087397,679.9835882725855,30.57070979802129,29.094623921663068,DETERIORATING,0.0852278742951844,10.39189421160404,2.282882093822977,1.3531641150609095,6.222253922221675,678.6040560274499,28.871876847909316,28.556129917686008,19.960550059735965,SAFE,tds_change,Sensor readings are relatively stable.,False,SAFE,False
193,6.19740078760011,692.6373832097104,29.19922826486619,29.29157393643448,DETERIORATING,-0.0262403432738604,12.653794937124871,-1.3714815331551051,0.1969500147714136,6.213143721479993,679.651407631733,29.01860183703203,28.704651922624805,13.642141825282586,SAFE,tds_change,Sensor readings are relatively stable.,False,SAFE,False
194,6.176918999505253,671.2840751976199,28.92774275895032,27.994827025783263,DETERIORATING,-0.0204817880948562,-21.35330801209045,-0.2714855059158729,-1.296746910651219,6.198358662991099,679.7522493629298,29.21069724807748,28.518725817137742,12.3462150074212,SAFE,tds_change,Sensor readings are relatively stable.,False,SAFE,False
195,6.208444985355702,697.2856968555247,29.497744244691926,28.546107718116023,DETERIORATING,0.0315259858504486,26.00162165790482,0.57000148574161,0.5512806923327602,6.188963831982764,682.1564875192844,29.29665055414561,28.5337184817198,16.462299257907553,SAFE,tds_change,Sensor readings are relatively stable.,False,SAFE,False
196,6.307884326342476,693.3643464128799,28.402298968376243,29.20766170440208,DETERIORATING,0.0994393409867742,-3.9213504426448935,-1.095445276315683,0.6615539862860587,6.222858045935502,686.9110179896641,29.319544806981195,28.82695886127978,12.366397063721031,SAFE,tds_change,Sensor readings are relatively stable.,False,SAFE,False
197,6.24554214306335,701.8298794530058,28.83270876919148,29.79299818788468,DETERIORATING,-0.0623421832791262,8.465533040125933,0.4304098008152373,0.5853364834825996,6.227238248373379,691.2802762257481,28.971944601215235,28.966633714524107,14.39573464893048,SAFE,tds_change,Sensor readings are relatively stable.,False,SAFE,False
198,6.18044105051086,699.4869696087759,30.70033112635554,28.98831748307016,DETERIORATING,-0.0651010925524904,-2.3429098442298937,1.867622357164059,-0.8046807048145226,6.223846300955527,692.6501935055612,29.2721651735131,28.90598242385124,15.094817778083195,SAFE,tds_change,Sensor readings are relatively stable.,False,SAFE,False
199,6.233129139067807,714.7696851596861,29.34448457682289,28.698798823508344,DETERIORATING,0.0526880885569474,15.282715550910211,-1.3558465495326502,-0.2895186595618142,6.23508832886804,701.3473154979745,29.355513537087614,29.046776783396258,12.725680158055711,SAFE,tds_change,Sensor readings are relatively stable.,False,SAFE,False
4,7.081267730022133,359.33495948064365,3.774967264260378,27.20671745161185,NORMAL,-0.1405746584905083,-36.47207129987987,-0.2485230326219927,-0.4711014777906293,7.136720237946006,385.0332674419088,3.740835614025554,27.247350197460207,1.2190159503319942,SAFE,tds_change,Sensor readings are relatively stable.,False,SAFE,False
5,7.081269043444065,365.93262440127313,4.31142496617375,27.938397906279032,NORMAL,1.3134219321031535e-06,6.597664920629484,0.5364577019133714,0.7316804546671811,7.12502662018664,381.1464302411186,3.9625633731397407,27.35933091705148,4.746576762182935,SAFE,tds_change,Sensor readings are relatively stable.,False,SAFE,False
6,7.226337025240591,387.7255290081299,3.466189785308703,26.61310540044821,NORMAL,0.1450679817965259,21.79290460685678,-0.8452351808650467,-1.3252925058308236,7.152506254053497,381.00918246363983,3.9157388324968583,27.37416852955888,5.138487747157407,SAFE,tds_change,Sensor readings are relatively stable.,False,SAFE,False
7,7.161394778332232,387.7067892636831,3.928810257489353,26.37767264834429,NORMAL,-0.0649422469083589,-0.0187397444468047,0.4626204721806499,-0.2354327521039181,7.1544221931103325,379.3013865868506,3.9009765140229113,27.16274246721717,3.114852383254456,SAFE,turbidity_change,Sensor readings are relatively stable.,False,SAFE,False
8,7.062442049125203,387.7257152945907,4.06014781585595,26.11063987554786,NORMAL,-0.0989527292070286,0.0189260309076075,0.1313375583665967,-0.2670327727964299,7.122542125232845,377.6851234896641,3.908308017817626,26.84930665644625,1.135151156900554,SAFE,temperature_change,Sensor readings are relatively stable.,False,SAFE,False
9,7.1434048034868765,437.7909723598208,4.257219417029375,27.7480221557446,NORMAL,0.0809627543616731,50.06525706523007,0.197071601173425,1.6373822801967357,7.134969539925794,393.3763260654995,4.004758448371426,26.9575675972728,11.364046859871898,SAFE,tds_change,Sensor readings are relatively stable.,False,SAFE,False
10,7.062926584575003,388.5633576603975,4.355807439044445,27.32718282817703,NORMAL,-0.0804782189118737,-49.22761469942327,0.0985880220150701,-0.4208393275675668,7.131301048151981,397.9024727173244,4.013634942945565,26.8353245816524,1.0917808016476451,SAFE,tds_change,Sensor readings are relatively stable.,False,SAFE,False
11,7.062741619714379,397.033484602709,3.4376789540810653,26.97220766454477,NORMAL,-0.0001849648606233,8.470126942311481,-0.9181284849633796,-0.3549751636322611,7.098581967046739,399.76406383624027,4.007932776700037,26.90714503447171,1.618734451100608,SAFE,tds_change,Sensor readings are relatively stable.,False,SAFE,False
12,7.119356981725282,394.310026452398,3.232942914632189,27.13998431315991,NORMAL,0.0566153620109028,-2.7234581503109894,-0.2047360394488762,0.1677766486151419,7.090174407725348,401.0847112739832,3.8687593081286047,27.05960736743483,2.293684671724659,SAFE,tds_change,Sensor readings are relatively stable.,False,SAFE,False
13,6.946937580427376,389.77086876958697,4.638838410949255,26.437255476350813,NORMAL,-0.1724194012979065,-4.539157682811037,1.4058954963170658,-0.7027288368090971,7.067073513985784,401.4937419689824,3.9844974271472657,27.124930487595424,2.904779538064964,SAFE,tds_change,Sensor readings are relatively stable.,False,SAFE,False
14,6.962006573398957,375.2709613303948,4.166157005989795,28.22287598980841,NORMAL,0.0150689929715817,-14.499907439192157,-0.4726814049594594,1.785620513457598,7.0307938679682,388.9897397630973,3.96628494493935,27.21990125440819,5.926762939388434,SAFE,tds_change,Sensor readings are relatively stable.,False,SAFE,False
15,7.055016997660722,391.384538307399,3.625756731721723,27.064610590987613,NORMAL,0.0930104242617648,16.113576977004186,-0.5404002742680722,-1.1582653988207987,7.029211950585344,389.5539758924976,3.820274803474805,27.167386806970303,2.114341123071168,SAFE,tds_change,Sensor readings are relatively stable.,False,SAFE,False
16,7.018973510373246,368.4076217819364,4.775575987761261,27.054697397302448,NORMAL,-0.0360434872874764,-22.97691652546257,1.149819256039538,-0.0099131936851648,7.020458328717116,383.82880332834304,4.087854210210844,27.18388475352184,2.009331539657994,SAFE,tds_change,Sensor readings are relatively stable.,False,SAFE,False
17,7.125139786607622,376.4477208988999,4.057837317146429,27.362883311949343,NORMAL,0.1061662762343758,8.04009911696346,-0.7177386706148319,0.308185914646895,7.021614889693585,380.25634221764346,4.252833090713692,27.228464553279725,3.444862472412086,SAFE,tds_change,Sensor readings are relatively stable.,False,SAFE,False
18,7.027358073958303,372.7195467825634,4.589648592031914,27.24050461586836,NORMAL,-0.0977817126493185,-3.728174116336504,0.5318112748854844,-0.1223786960809825,7.037698988399771,376.8460778202388,4.242995126930224,27.38911438118324,1.208088021702772,SAFE,tds_change,Sensor readings are relatively stable.,False,SAFE,False
19,6.987015703893176,381.22811209079487,4.033759240705055,27.111942012139565,NORMAL,-0.0403423700651268,8.508565308231482,-0.5558893513268588,-0.1285626037287954,7.042700814498613,378.03750797231874,4.216515573873276,27.166927585649468,0.8754496662608761,SAFE,tds_change,Sensor readings are relatively stable.,False,SAFE,False
20,7.217251901513724,414.71987850010265,5.0303739624409936,26.604762772277343,NORMAL,0.230236197620548,33.491766409307786,0.9966147217359388,-0.5071792398622215,7.075147795269214,382.7045760108594,4.497439020017131,27.074958021907413,7.433041918054394,SAFE,tds_change,Sensor readings are relatively stable.,False,SAFE,False
21,7.081937895961077,351.9910221111237,4.877670421221602,27.235734178568,NORMAL,-0.1353140055526474,-62.72885638897896,-0.1527035412193917,0.6309714062906551,7.087740672386781,379.4212560766969,4.517857906709199,27.111165378160525,3.1219826582881174,SAFE,tds_change,Sensor readings are relatively stable.,False,SAFE,False
22,7.105402256375034,390.2939028556177,3.8755179257604633,27.94101224823752,NORMAL,0.023464360413957,38.30288074449402,-1.0021524954611385,0.7052780696695216,7.083793166340263,382.1904924680405,4.481394028432005,27.22679116541816,6.761098514193594,SAFE,tds_change,Sensor readings are relatively stable.,False,SAFE,False
23,6.986020145102923,355.8092619321552,4.4857854754771775,27.67271002307749,NORMAL,-0.1193821112721105,-34.48464092346251,0.6102675497167143,-0.2683022251600313,7.075525580569187,378.8084354979589,4.460621405121058,27.313232246859982,1.1250991480312211,SAFE,tds_change,Sensor readings are relatively stable.,False,SAFE,False
24,7.056449382037985,372.9210220131585,4.322687974792574,27.796593313319697,NORMAL,0.0704292369350616,17.111760081003297,-0.1630975006846036,0.1238832902422082,7.089412316198148,377.1470174824316,4.518407151938562,27.45016250709601,2.587331407776664,SAFE,tds_change,Sensor readings are relatively stable.,False,SAFE,False
25,7.1088738071767885,396.3342589545105,4.684315778766174,26.744392161784408,NORMAL,0.0524244251388035,23.41323694135201,0.3616278039736,-1.0522011515352894,7.067736697330761,373.46989357331313,4.449195515203599,27.47808838499742,4.048607768920389,SAFE,tds_change,Sensor readings are relatively stable.,False,SAFE,False
26,7.007920513806216,380.964200286432,3.517538269709948,26.50519758987071,NORMAL,-0.1009532933705728,-15.370058668078514,-1.1667775090562258,-0.2391945719136963,7.052933220899789,379.2645292083748,4.177169084901268,27.331981067257964,0.1188077070932358,SAFE,tds_change,Sensor readings are relatively stable.,False,SAFE,False
27,7.130055841467653,363.8338283310604,4.343025729999219,26.93710653995017,NORMAL,0.1221353276614376,-17.13037195537163,0.825487460289271,0.4319089500794604,7.057863937918313,373.9725143034633,4.270670645749019,27.131199925600495,4.484795662687088,SAFE,tds_change,Sensor readings are relatively stable.,False,SAFE,False
28,7.051948904806495,369.2704443611005,4.529212243424794,27.027862456144348,NORMAL,-0.0781069366611584,5.436616030040113,0.1861865134255751,0.0907559161941762,7.071049689859028,376.6647507892524,4.2793559993385415,27.00223041221387,1.765710373221525,SAFE,tds_change,Sensor readings are relatively stable.,False,SAFE,False
29,7.076664500016538,390.19396623402014,3.1206302567884427,27.547095759235475,NORMAL,0.0247155952100426,20.92352187291965,-1.4085819866363516,0.5192333030911271,7.075092713454739,380.1193396334247,4.038944455737716,26.952330901397023,4.381549159355017,SAFE,tds_change,Sensor readings are relatively stable.,False,SAFE,False
30,7.051863471021648,369.04450052424295,3.4083707436671125,26.15376768514259,NORMAL,-0.0248010289948892,-21.14946570977719,0.2877404868786697,-1.393328074092885,7.06369064622371,374.6613879473712,3.783755448717904,26.834206006068666,1.2095627956427295,SAFE,tds_change,Sensor readings are relatively stable.,False,SAFE,False
31,7.248182254760715,383.2468788437296,2.98038391111995,27.764775159730306,NORMAL,0.1963187837390663,14.202378319486629,-0.4279868325471625,1.6110074745877156,7.11174299441461,375.1179236588307,3.676324576999904,27.08612152004057,9.691946510732798,SAFE,tds_change,Sensor readings are relatively stable.,False,SAFE,False
32,7.098920222020965,380.6835775985572,3.865296582777721,26.920996050710507,NORMAL,-0.1492620327397498,-2.563301245172397,0.8849126716577711,-0.843779109019799,7.105515870525272,378.48787351233005,3.580778747555604,27.082899422192646,2.8111723378011293,SAFE,tds_change,Sensor readings are relatively stable.,False,SAFE,False
33,7.015383125683528,370.2259947859128,4.358771127897981,26.78655946502629,NORMAL,-0.0835370963374364,-10.457582812644375,0.49347454512026,-0.1344365856842166,7.098202714700679,378.6789835972925,3.5466905244502414,27.034638823969036,0.970958702933316,SAFE,tds_change,Sensor readings are relatively stable.,False,SAFE,False
34,7.165803592968254,412.1591613398799,4.751178526048014,26.49394781236992,NORMAL,0.150420467284726,41.93316655396711,0.3924073981500333,-0.2926116526563689,7.116030533291021,383.0720226184645,3.872800178302156,26.824009234595923,6.430318316066234,SAFE,tds_change,Sensor readings are relatively stable.,False,SAFE,False
35,7.0023325080023175,389.50878533477015,4.037047390209888,26.17257166406712,NORMAL,-0.1634710849659368,-22.650376005109763,-0.7141311358381266,-0.3213761483028037,7.106124340687155,387.1648795805699,3.998535507610711,26.827770030380822,0.0349876200347631,SAFE,tds_change,Sensor readings are relatively stable.,False,SAFE,False
36,7.1167090876003805,349.6228612001359,4.814307772785646,27.41158529198096,NORMAL,0.1143765795980629,-39.88592413463425,0.7772603825757578,1.2390136279138415,7.079829707255089,380.4400760518512,4.36532027994385,26.75713205683096,6.633567771610869,SAFE,tds_change,Sensor readings are relatively stable.,False,SAFE,False
37,6.943226390089618,382.7968147215414,3.309949270892554,27.0366589835942,NORMAL,-0.1734826975107628,33.17395352140551,-1.5043585018930914,-0.3749263083867582,7.048690940868821,380.862723476448,4.254250817566817,26.780264643407698,3.5055204303681764,SAFE,tds_change,Sensor readings are relatively stable.,False,SAFE,False
38,6.993745116088125,370.07320302847415,3.148308780322423,26.35501955012948,NORMAL,0.0505187259985078,-12.723611693067255,-0.1616404905701314,-0.6816394334647242,7.044363338949739,380.8321651249603,4.012158348051704,26.69395666042833,0.0938232586781184,SAFE,tds_change,Sensor readings are relatively stable.,False,SAFE,False
39,7.11574889886953,392.78650002194337,3.97222615055169,26.35246061396819,NORMAL,0.1220037827814044,22.71329699346921,0.8239173702292675,-0.0025589361612858,7.034352400129994,376.957632861373,3.85636787295244,26.66565922074799,4.789173297864386,SAFE,tds_change,Sensor readings are relatively stable.,False,SAFE,False
40,7.159077326399633,368.1121889235095,4.192032724469653,26.83210765035493,NORMAL,0.0433284275301026,-24.67431109843386,0.2198065739179631,0.4796470363867406,7.065701363809457,372.67831357912087,3.887364939804393,26.79756641800555,4.154810866031655,SAFE,tds_change,Sensor readings are relatively stable.,False,SAFE,False
41,7.113709462495197,378.2789533779965,3.9836526259529537,27.834510762644697,NORMAL,-0.0453678639044357,10.166764454487009,-0.2083800985166997,1.002403112289766,7.06510143878842,378.40953201469296,3.7212339104378542,26.8821515121383,5.526192430656212,SAFE,tds_change,Sensor readings are relatively stable.,False,SAFE,False
42,7.090748137408941,387.5748091847069,2.9662789499800617,26.8702043243182,NORMAL,-0.0229613250862561,9.295855806710392,-1.017373675972892,-0.9643064383264992,7.094605788252285,379.3651309073261,3.652499846255357,26.848860580283095,2.1048905256709425,SAFE,tds_change,Sensor readings are relatively stable.,False,SAFE,False
43,7.0759117043528565,392.9863279125518,3.955439980243606,26.248428523440943,NORMAL,-0.0148364330560841,5.411518727844907,0.9891610302635444,-0.6217758008772556,7.111039105905232,383.94775588414166,3.8139260862395927,26.82754237494539,3.0553386089157573,SAFE,tds_change,Sensor readings are relatively stable.,False,SAFE,False
44,6.981718240770605,361.9955538941634,3.3477652497475736,26.87712846795703,NORMAL,-0.0941934635822514,-30.99077401838844,-0.6076747304960324,0.6286999445160859,7.084232974285446,377.7895666585856,3.6890339060787696,26.93247594574316,2.160326221989181,SAFE,tds_change,Sensor readings are relatively stable.,False,SAFE,False
45,7.042412463328423,374.98248146238575,4.334836274415019,26.86363821512617,NORMAL,0.0606942225578182,12.98692756822237,0.9870710246674452,-0.0134902528308593,7.060900001671205,379.1636251663609,3.717594616067843,26.93878205869741,3.155747692385307,SAFE,tds_change,Sensor readings are relatively stable.,False,SAFE,False
46,7.063148898323217,372.8758203325857,4.183299123048424,25.65155667852921,NORMAL,0.0207364349947933,-2.1066611298000453,-0.151537151366595,-1.2120815365969584,7.050787888836808,378.0829985572788,3.757523915486936,26.50219124187431,0.9472334748482504,SAFE,tds_change,Sensor readings are relatively stable.,False,SAFE,False
47,7.184569778097513,370.2000615113943,3.530060106836322,26.972852566741093,NORMAL,0.1214208797742966,-2.67575882119138,-0.6532390162121016,1.321295888211882,7.069552216974524,374.6080490226162,3.870280146858189,26.522720890358887,6.732434336098345,SAFE,tds_change,Sensor readings are relatively stable.,False,SAFE,False
48,7.127489463165476,406.4818136042164,3.743066541331653,26.88453273489566,NORMAL,-0.0570803149320369,36.2817520928221,0.2130064344953308,-0.0883198318454319,7.079867768737048,377.3071461609491,3.8278054590757984,26.64994173264984,5.134391766650911,SAFE,tds_change,Sensor readings are relatively stable.,False,SAFE,False
49,6.958956787570981,386.0747256644144,3.4703932390555243,27.34810318240671,NORMAL,-0.1685326755944958,-20.40708793980201,-0.2726733022761287,0.4635704475110493,7.075315478097122,382.1229805149993,3.852331056937389,26.744136675539767,2.0063595289684395,SAFE,tds_change,Sensor readings are relatively stable.,False,SAFE,False
50,7.125926717551583,361.0867406849743,3.968660451363414,27.92447804747267,NORMAL,0.1669699299806026,-24.987984979440117,0.4982672123078897,0.5763748650659615,7.092018328941753,379.343832359517,3.779095892327067,26.95630464200907,4.365426176933468,SAFE,tds_change,Sensor readings are relatively stable.,False,SAFE,False
51,7.069193417566694,393.7679292058216,4.477571160250619,27.56328251477388,NORMAL,-0.0567332999848888,32.681188520847286,0.5089107088872051,-0.3611955326987903,7.09322723279045,383.5222541341642,3.837950299767506,27.338649809258005,4.415762408499006,SAFE,tds_change,Sensor readings are relatively stable.,False,SAFE,False
52,7.045846239975523,411.8323429551895,3.507136976832228,26.865555654722584,NORMAL,-0.0233471775911713,18.06441374936793,-0.9704341834183912,-0.6977268600512971,7.065482525166051,391.84871042292326,3.833365673766688,27.317190426854303,2.1328466995822803,SAFE,tds_change,Sensor readings are relatively stable.,False,SAFE,False
53,7.148934103107269,395.4869789082672,4.252023257758922,26.446737045629163,NORMAL,0.103087863131746,-16.345364046922327,0.7448862809266941,-0.4188186090934209,7.069771453154411,389.6497434837335,3.935157017052141,27.229631289001,3.351340967999077,SAFE,tds_change,Sensor readings are relatively stable.,False,SAFE,False
54,7.182479961799675,357.2094505106898,3.73487119081378,28.28667990162493,NORMAL,0.0335458586924062,-38.277528397577385,-0.5171520669451422,1.8399428559957656,7.114476088000148,383.8766884529885,3.988052607403792,27.417346632844648,8.257027994982426,SAFE,tds_change,Sensor readings are relatively stable.,False,SAFE,False
55,7.174502409529295,372.7364889070062,3.603563583868828,27.029609217007245,NORMAL,-0.0079775522703799,15.527038396316414,-0.1313076069449521,-1.257070684617684,7.124191226395692,386.2066380973948,3.9150332339048752,27.23837286675156,3.859699214644743,SAFE,tds_change,Sensor readings are relatively stable.,False,SAFE,False
56,7.032862598142189,399.0036672377993,3.946484820022721,27.006964645956472,NORMAL,-0.1416398113871064,26.267178330793055,0.3429212361538933,-0.0226445710507725,7.116925062510791,387.2537857037904,3.808815965859296,27.127109292988077,3.108695092827117,SAFE,tds_change,Sensor readings are relatively stable.,False,SAFE,False
57,7.075263009931902,369.3849580157183,3.482378838790313,26.987937456445,NORMAL,0.0424004117897132,-29.618709222080952,-0.4641059812324082,-0.0190271895114726,7.122808416502066,378.76430871589616,3.803864338250913,27.151585653332564,1.1289451489785307,SAFE,tds_change,Sensor readings are relatively stable.,False,SAFE,False
58,7.1265010745122845,386.6572914221935,3.723175347326409,27.099042380383928,NORMAL,0.0512380645803824,17.272333406475184,0.2407965085360959,0.1111049239389281,7.11832181078307,376.9983712186814,3.69809475616441,27.28204672028351,3.9738123248232102,SAFE,tds_change,Sensor readings are relatively stable.,False,SAFE,False
59,7.178043610169788,391.6195108014401,3.401061053705576,26.92781979403803,NORMAL,0.0515425356575036,4.962219379246562,-0.322114293620833,-0.1712225863458982,7.117434540457092,383.8803832768315,3.631332728742769,27.010274698766136,3.067631702886548,SAFE,tds_change,Sensor readings are relatively stable.,False,SAFE,False
60,7.061666060972376,366.0960429263288,4.982362566458194,26.713168996559883,NORMAL,-0.1163775491974119,-25.52346787511129,1.5813015127526184,-0.2146507974781464,7.094867270745707,382.552294080696,3.907092525260643,26.946986654676664,3.2969431837145717,SAFE,tds_change,Sensor readings are relatively stable.,False,SAFE,False
61,7.085147281866894,379.107119659073,4.017631775985865,26.726570529379803,NORMAL,0.023481220894518,13.011076732744243,-0.9647307904723296,0.0134015328199197,7.105324207490649,378.57298456495073,3.921321916453272,26.89090783136133,2.358299965082714,SAFE,tds_change,Sensor readings are relatively stable.,False,SAFE,False
62,7.011493202079517,331.3809898989639,3.650137246003707,26.983623364892,NORMAL,-0.073654079787377,-47.72612976010913,-0.3674945299821575,0.2570528355121979,7.092570245920172,370.9721909415999,3.9548735978959497,26.89004501305073,0.9435565377293536,SAFE,tds_change,Sensor readings are relatively stable.,False,SAFE,False
63,7.004303470073546,364.6341853799856,4.106989955367111,26.72828761443312,NORMAL,-0.0071897320059717,33.25319548102169,0.456852709363404,-0.2553357504588796,7.068130725032425,366.5675697331583,4.031636519504091,26.815894059860568,3.410086753630025,SAFE,tds_change,Sensor readings are relatively stable.,False,SAFE,False
64,7.165002065791535,376.21147772910257,3.943835975154585,26.64357710866141,NORMAL,0.1606985957179896,11.577292349116988,-0.1631539802125261,-0.0847105057717065,7.065522416156773,363.4859631186908,4.140191503793893,26.759045522785243,3.401214374802387,SAFE,tds_change,Sensor readings are relatively stable.,False,SAFE,False
65,7.208499202285665,361.28325227052727,3.889515200233389,27.053215113845948,NORMAL,0.0434971364941301,-14.928225458575298,-0.0543207749211962,0.4096380051845329,7.094889044419432,362.52340498753045,3.921622030548932,26.82705474624246,4.356402049838579,SAFE,tds_change,Sensor readings are relatively stable.,False,SAFE,False
66,7.094239190273573,404.48616955897455,4.3070833500217125,26.87251139128957,NORMAL,-0.1142600120120924,43.20291728844728,0.4175681497883237,-0.1807037225563768,7.096707426100767,367.5992149675108,3.979512345356101,26.85624291862441,5.496173461861861,SAFE,tds_change,Sensor readings are relatively stable.,False,SAFE,False
67,7.1802826318313615,358.5478793305905,4.378753855023652,27.751996494291344,NORMAL,0.0860434415577886,-45.93829022838406,0.0716705050019399,0.8794851030017732,7.130465312051136,373.0325928538361,4.125235667160091,27.009917544504283,5.450200543978652,SAFE,tds_change,Sensor readings are relatively stable.,False,SAFE,False
68,7.12893088200381,373.39933269954525,3.734749426194736,25.674515095803493,NORMAL,-0.0513517498275515,14.851453368954765,-0.6440044288289166,-2.0774813984878517,7.155390794437189,374.7856223177481,4.050787561325615,26.799163040778357,3.122079499573531,SAFE,tds_change,Sensor readings are relatively stable.,False,SAFE,False
69,7.048390419631589,381.96110865929137,3.71209087967766,27.54575342596123,NORMAL,-0.0805404623722205,8.561775959746114,-0.0226585465170758,1.8712383301577376,7.132068465205199,375.93554850378575,4.00443854223023,26.97959830423832,7.024513361726744,SAFE,tds_change,Sensor readings are relatively stable.,False,SAFE,False
70,7.128911648440673,401.6190993359917,3.862474151424178,27.623042596248816,NORMAL,0.0805212288090837,19.657990676700308,0.1503832717465179,0.0772891702875853,7.116150954436202,384.0027179168787,3.999030332468388,27.09356380071889,3.963756399228655,SAFE,tds_change,Sensor readings are relatively stable.,False,SAFE,False
71,7.223042925317277,358.4620677323084,2.849039417632208,25.963304883795924,NORMAL,0.0941312768766042,-43.15703160368327,-1.01343473379197,-1.6597377124528911,7.141911701444943,374.7978975515454,3.7074215459904862,26.91172249922016,3.345643879759161,SAFE,tds_change,Sensor readings are relatively stable.,False,SAFE,False
72,7.097133916871203,397.4474562823244,3.242404468900724,26.828656202959827,NORMAL,-0.1259090084460741,38.98538855001601,0.3933650512685163,0.8653513191639028,7.125281958452911,382.5778129418922,3.480151668765901,26.72705444095386,7.761941371463815,SAFE,tds_change,Sensor readings are relatively stable.,False,SAFE,False
73,7.22517149246512,380.1534959152938,4.683437133722262,26.814279567002103,NORMAL,0.1280375755939165,-17.29396036703065,1.441032664821538,-0.0143766359577242,7.144530080545172,383.92864558504186,3.669889210271407,26.955007335193574,5.539121384209104,SAFE,tds_change,Sensor readings are relatively stable.,False,SAFE,False
74,6.89042039167282,365.2773702342808,4.822483856750642,26.29624415264109,NORMAL,-0.3347511007922996,-14.87612568101298,0.1390467230283798,-0.5180354143610124,7.112936074953419,380.5918979000398,3.891967805686003,26.70510548052955,1.8522642094502677,SAFE,tds_change,Sensor readings are relatively stable.,False,SAFE,False
75,7.165752200350018,386.93155211394907,3.875481980221811,26.61109165620456,NORMAL,0.2753318086771976,21.654181879668272,-0.947001876528831,0.3148475035634703,7.120304185335288,377.6543884556313,3.8945693714455296,26.5027152925207,5.16316006631414,SAFE,tds_change,Sensor readings are relatively stable.,False,SAFE,False
76,7.106963765459053,382.985895433602,4.288278481527883,26.444712077267084,NORMAL,-0.0587884348909648,-3.9456566803470414,0.4127965013060723,-0.1663795789374766,7.097088353363643,382.55915399589,4.182417184224664,26.59899673121493,2.223651233844903,SAFE,tds_change,Sensor readings are relatively stable.,False,SAFE,False
77,7.076079411962731,370.9967468426181,4.155625077271768,27.876135221711813,NORMAL,-0.0308843534963223,-11.989148590983916,-0.1326534042561151,1.4314231444447287,7.0928774523819484,377.2690121079488,4.365061305898874,26.80849253496533,5.435460612775145,SAFE,tds_change,Sensor readings are relatively stable.,False,SAFE,False
78,7.10734086212284,381.0470312748503,5.539440404227619,27.46783919657373,NORMAL,0.0312614501601098,10.050284432232218,1.383815326955851,-0.4082960251380818,7.0693113263134935,377.4477191798601,4.536261959999945,26.93920446087965,4.48985867685496,SAFE,tds_change,Sensor readings are relatively stable.,False,SAFE,False
79,6.940994486831928,374.2202960470736,4.559787455717288,27.63577754749708,NORMAL,-0.166346375290912,-6.826735227776737,-0.9796529485103314,0.1679383509233503,7.079426145345314,379.2363043424186,4.483722679793274,27.207111139850856,1.3888977502911244,SAFE,tds_change,Sensor readings are relatively stable.,False,SAFE,False
80,7.082426248972999,381.7027601787687,3.9360412042596167,27.360836032021616,NORMAL,0.141431762141071,7.48246413169511,-0.6237462514576713,-0.2749415154754651,7.06276095506991,378.19054595538256,4.495834524600835,27.357060015014262,1.8349908651306004,SAFE,tds_change,Sensor readings are relatively stable.,False,SAFE,False
81,7.128569005720939,389.9319601178157,3.5222297796997872,26.435474114391383,NORMAL,0.0461427567479395,8.229199939047021,-0.4138114245598294,-0.9253619176302336,7.067082003122287,379.5797588922253,4.342624784235216,27.355212422439127,2.5868710809378466,SAFE,tds_change,Sensor readings are relatively stable.,False,SAFE,False
82,7.218231523579321,403.79025224218026,3.1967768398712137,26.73773986686012,NORMAL,0.0896625178583816,13.85829212436454,-0.3254529398285735,0.3022657524687346,7.095512425445605,386.1384599721377,4.150855136755105,27.127533351468788,5.288933481045176,SAFE,tds_change,Sensor readings are relatively stable.,False,SAFE,False
83,7.058538382538108,361.43276751759726,4.101731817933612,27.24468728061396,NORMAL,-0.1596931410412123,-42.357484724583,0.9049549780623988,0.5069474137538421,7.08575192952866,382.2156072206871,3.8633134194963032,27.08290296827683,3.756350446426748,SAFE,tds_change,Sensor readings are relatively stable.,False,SAFE,False
84,7.035320511768544,411.995500619844,3.621824627357849,26.388936095554023,NORMAL,-0.0232178707695647,50.56273310224674,-0.4799071905757635,-0.8557511850599369,7.104617134515982,389.7706481352412,3.675720853824416,26.833534677888224,4.574826324707892,SAFE,tds_change,Sensor readings are relatively stable.,False,SAFE,False
85,7.0598594365132366,350.7186830071625,3.288873145201163,27.356499215086195,NORMAL,0.0245389247446929,-61.2768176126815,-0.3329514821566861,0.9675631195321728,7.100103772024029,383.57383270092,3.546287242012725,26.832667314501133,3.8005809062950666,SAFE,tds_change,Sensor readings are relatively stable.,False,SAFE,False
86,7.173232169416165,377.7232235744663,3.676713557878737,26.879837300920933,NORMAL,0.1133727329029286,27.00454056730382,0.3878404126775741,-0.4766619141652626,7.109036404763074,381.1320853922501,3.577183997648516,26.921539951807045,5.340606405643143,SAFE,tds_change,Sensor readings are relatively stable.,False,SAFE,False
87,7.126300088772775,388.8247580972687,3.459225998192802,26.8125895962252,NORMAL,-0.0469320806433897,11.10153452280241,-0.2174875596859347,-0.0672477046957311,7.090650117801767,378.1389865632677,3.629673829312833,26.93650989768006,2.782624093415824,SAFE,tds_change,Sensor readings are relatively stable.,False,SAFE,False
88,7.057619183698637,384.2148780160255,4.843570817536282,27.355479984101745,NORMAL,-0.0686809050741388,-4.609880081243205,1.3843448193434795,0.5428903878765432,7.090466278033871,382.69540866295335,3.778041629233367,26.958668438377615,4.569476148124398,SAFE,tds_change,Sensor readings are relatively stable.,False,SAFE,False
89,7.141061394649068,370.6595072026911,4.440819878474725,27.22213165574302,NORMAL,0.0834422109504311,-13.555370813334434,-0.4027509390615567,-0.1333483283587249,7.111614454609976,374.4282099795229,3.9418406794567415,27.12530755041542,2.1159209197360163,SAFE,tds_change,Sensor readings are relatively stable.,False,SAFE,False
90,7.107766203947843,376.87816624464085,3.9960136793416914,26.81951691709046,NORMAL,-0.0332951907012244,6.218659041949763,-0.4448061991330339,-0.4026147386525593,7.121195808096898,379.66010662701854,4.083268786284848,27.017911090816277,2.113985782573631,SAFE,tds_change,Sensor readings are relatively stable.,False,SAFE,False
91,7.177491599242631,372.60498598011753,4.739972069445013,27.57966490168213,NORMAL,0.069725395294788,-4.273180264523319,0.7439583901033218,0.7601479845916685,7.122047694062191,378.6364591081488,4.295920488598102,27.157876610968508,6.058755527569459,SAFE,tds_change,Sensor readings are relatively stable.,False,SAFE,False
92,7.043835752489811,371.1595286458368,4.038684153823809,26.45946833620005,NORMAL,-0.1336558467528199,-1.445457334280718,-0.7012879156212044,-1.120196565482079,7.105554826805599,375.1034132178624,4.4118121197243045,27.08725235896349,0.6575362873471713,SAFE,tds_change,Sensor readings are relatively stable.,False,SAFE,False
93,7.073787028272178,392.7440314553154,3.569357899335868,27.30796780347213,NORMAL,0.0299512757823663,21.58450280947858,-0.4693262544879406,0.8484994672720809,7.108788395720306,376.80924390572034,4.156969536084221,27.07774992283756,5.379064050657195,SAFE,tds_change,Sensor readings are relatively stable.,False,SAFE,False
94,7.068631347749427,385.3552322894757,4.761562038634828,27.2965506289842,NORMAL,-0.0051556805227503,-7.388799165839714,1.1922041392989602,-0.011417174487935,7.094302386340378,379.7483889230773,4.221117968116242,27.09263371748579,2.8177764251898507,SAFE,tds_change,Sensor readings are relatively stable.,False,SAFE,False
95,6.98291880414943,369.6063560710902,4.2694550218423295,26.845226780343005,NORMAL,-0.085712543599997,-15.748876218385476,-0.4921070167924988,-0.4513238486411914,7.069332906380696,378.2940268883671,4.275806236616369,27.097775690136302,0.2562179377585449,SAFE,tds_change,Sensor readings are relatively stable.,False,SAFE,False
96,7.123689622165165,393.4939981314988,3.481376922836772,27.16306651112106,NORMAL,0.140770818015735,23.88764206040861,-0.7880780990055576,0.3178397307780543,7.058572510965203,382.47182931864336,4.024087207294722,27.01445601202409,4.719874889644331,SAFE,tds_change,Sensor readings are relatively stable.,False,SAFE,False
97,7.120884421774391,384.60949281314913,3.904830660958196,26.37444321180735,NORMAL,-0.0028052003907745,-8.884505318349682,0.4234537381214243,-0.7886232993137092,7.073982244822117,385.16182215210586,3.9973165087215983,26.997450987145548,2.4484469337979977,SAFE,tds_change,Sensor readings are relatively stable.,False,SAFE,False
98,7.100409076531396,392.1929317825844,3.562190873307621,27.46201350960345,NORMAL,-0.0204753452429944,7.583438969435292,-0.3426397876505751,1.087570297796102,7.079306654473962,385.05160221755966,3.995883103515949,27.02826012837181,5.375522158914073,SAFE,tds_change,Sensor readings are relatively stable.,False,SAFE,False
99,7.081233029329988,389.4444326288542,3.308600134517832,26.907548931778507,NORMAL,-0.0191760472014079,-2.748499153730222,-0.2535907387897889,-0.5544645778249446,7.081826990790074,385.86944228543535,3.70529072269255,26.95045978893068,1.218495439949825,SAFE,tds_change,Sensor readings are relatively stable.,False,SAFE,False
100,6.986770340635967,367.5650748361689,4.46308877376582,26.73863848974048,NORMAL,-0.0944626886940209,-21.879357792685312,1.154488639247988,-0.168910442038026,7.082597298087381,385.4611860384511,3.744017473077248,26.92914213081017,1.930177849332472,SAFE,tds_change,Sensor readings are relatively stable.,False,SAFE,False
101,7.066348374178771,371.5972843970454,4.954708320235065,27.524504612918445,NORMAL,0.0795780335428038,4.032209560876538,0.491619546469245,0.7858661231779642,7.071129048490103,381.0818432915604,4.038683752556907,27.00142975116965,4.41283006678945,SAFE,tds_change,Sensor readings are relatively stable.,False,SAFE,False
102,7.072582838677858,391.20940407684895,3.3007162130904293,26.64782815472862,NORMAL,0.0062344644990872,19.612119679803527,-1.653992107144636,-0.8766764581898236,7.0614687318707965,382.4018255443004,3.917860862983353,27.056106739753904,2.6577121545521587,SAFE,tds_change,Sensor readings are relatively stable.,False,SAFE,False
103,7.03581781846227,389.155553981502,4.281484618345285,26.29576935181822,NORMAL,-0.0367650202155882,-2.053850095346945,0.9807684052548558,-0.3520588029104026,7.048550480256971,381.7943499840839,4.061719611990887,26.82285790819686,2.008419884816336,SAFE,tds_change,Sensor readings are relatively stable.,False,SAFE,False
104,7.087097143066719,379.6864760905378,3.674678715439087,26.22168541323805,NORMAL,0.0512793246044491,-9.469077890964227,-0.6068059029061978,-0.0740839385801699,7.049723303004318,379.8427586764207,4.134935328175137,26.685685204488767,1.30645714600079,SAFE,tds_change,Sensor readings are relatively stable.,False,SAFE,False
105,7.132324068545163,381.7599107496317,3.756437308117652,27.30300497567282,NORMAL,0.0452269254784436,2.0734346590938912,0.0817585926785646,1.0813195624347711,7.078834048586157,382.6817258591132,3.993605035045504,26.798558501675235,5.517332377227117,SAFE,tds_change,Sensor readings are relatively stable.,False,SAFE,False
106,7.250894872096842,399.1649734368264,3.7038030378805655,26.35978532375185,NORMAL,0.1185708035516786,17.405062687194743,-0.0526342702370863,-0.943219651920966,7.1157433481697705,388.19526366706936,3.743423978574604,26.56561464384191,5.155828096428204,SAFE,tds_change,Sensor readings are relatively stable.,False,SAFE,False
107,7.113966225026547,371.12642916746256,3.568004615160092,27.877397090992183,NORMAL,-0.1369286470702944,-28.03854426936385,-0.1357984227204736,1.5176117672403286,7.124020025439508,384.17866868519206,3.7968816589885366,26.811528431094622,6.262328677119194,SAFE,tds_change,Sensor readings are relatively stable.,False,SAFE,False
108,7.1206040312578205,388.20646071755056,4.024260813972414,25.95903529605814,NORMAL,0.0066378062312733,17.080031550087995,0.4562561988123219,-1.918361794934043,7.140977267998617,383.9888500324018,3.7454368981139625,26.744181619942605,3.8598472910928296,SAFE,tds_change,Sensor readings are relatively stable.,False,SAFE,False
109,7.0940443267387066,376.9671102134916,3.584524941794481,27.84822818414501,NORMAL,-0.0265597045191139,-11.239350504058962,-0.4397358721779327,1.889192888086875,7.142366704733016,383.4449768569925,3.7274061433850414,27.069490174124,7.078243565341222,SAFE,tds_change,Sensor readings are relatively stable.,False,SAFE,False
110,6.946498302776076,376.7347819515917,4.135228412889919,27.105508733601308,NORMAL,-0.1475460239626302,-0.2323282618999087,0.5507034710954382,-0.7427194505437065,7.1052015515791975,382.43995109738455,3.8031643643394943,27.0299909257097,1.6285806650020132,SAFE,temperature_change,Sensor readings are relatively stable.,False,SAFE,False
111,7.097878889964062,396.4816527798079,3.974880945275432,26.951643444064803,NORMAL,0.1513805871879858,19.74687082821623,-0.1603474676144873,-0.1538652895365047,7.074598355152642,381.9032869659808,3.857379945818468,27.148362549772287,3.0479330157182307,SAFE,tds_change,Sensor readings are relatively stable.,False,SAFE,False
112,7.104818416795282,392.3812452348204,3.880525976566795,26.727540456595523,NORMAL,0.0069395268312195,-4.10040754498749,-0.0943549687086369,-0.2241029874692799,7.072768793506389,386.1542501794524,3.9198842180998086,26.91839122289296,1.5722762519292257,SAFE,tds_change,Sensor readings are relatively stable.,False,SAFE,False
113,7.297059368998823,392.2026445400096,3.546218168979201,27.19956805717604,NORMAL,0.1922409522035408,-0.1786006948108252,-0.334307807587594,0.4720276005805139,7.10805986105459,386.95348694394426,3.824275689101165,27.16649777511653,5.87197333672388,SAFE,temperature_change,Sensor readings are relatively stable.,False,SAFE,False
114,7.08461112281751,399.5821821073149,3.7116143347158337,26.981182648787577,NORMAL,-0.2124482461813128,7.379537567305306,0.1653961657366327,-0.2183854083884604,7.106173220270351,391.4765013227089,3.849693567685436,26.99308866804505,2.107624096252019,SAFE,tds_change,Sensor readings are relatively stable.,False,SAFE,False
115,7.124123787386688,380.3150576244914,4.377695612912878,27.551650941008266,NORMAL,0.0395126645691785,-19.267124482823533,0.6660812781970442,0.5704682922206885,7.141698317192473,392.1925564572888,3.898187007690028,27.08231710952644,4.572383604757956,SAFE,tds_change,Sensor readings are relatively stable.,False,SAFE,False
116,7.09722305842358,390.2292945694245,4.250458593812191,27.05711382433102,NORMAL,-0.026900728963108,9.914236944933124,-0.1272370191006873,-0.4945371166772467,7.141567150884375,390.9420848152122,3.95330253739738,27.10341118557968,2.251484831948354,SAFE,tds_change,Sensor readings are relatively stable.,False,SAFE,False
117,7.006505756990437,375.34599865109817,3.5112223776007245,27.07515088073093,NORMAL,-0.090717301433143,-14.883295918326326,-0.7392362162114661,0.0180370563999154,7.121904618923407,387.5350354984677,3.879441817604166,27.17293327040677,0.1516975240563045,SAFE,tds_change,Sensor readings are relatively stable.,False,SAFE,False
118,7.191425825161201,384.8624952873266,4.049666152714613,26.81819389389307,NORMAL,0.1849200681707641,9.516496636228451,0.5384437751138882,-0.2569569868378636,7.100777910155882,386.0670056479311,3.980131414351248,27.09665843775017,4.440372770987128,SAFE,tds_change,Sensor readings are relatively stable.,False,SAFE,False
119,7.160154642614941,378.0478541844847,4.375693561685894,26.971527188139465,NORMAL,-0.0312711825462601,-6.814641102841904,0.3260274089712816,0.1533332942463943,7.11588661411537,381.7601400633651,4.11294725974526,27.094727345620548,3.3513606354202228,SAFE,tds_change,Sensor readings are relatively stable.,False,SAFE,False
120,7.163282555763443,381.4549394748908,3.165297359439314,27.15390088444603,NORMAL,0.0031279131485018,3.407085290406087,-1.2103962022465802,0.1823736963065663,7.123718367790721,381.988116433445,3.8704676090505465,27.015177334308103,3.2689262486038304,SAFE,tds_change,Sensor readings are relatively stable.,False,SAFE,False
121,7.02724900361642,388.9273553815537,4.271680096189968,26.144915803671687,NORMAL,-0.1360335521470226,7.472415906662889,1.1063827367506538,-1.0089850807743446,7.109723556829289,381.7277285958708,3.874711909526103,26.832737730176238,2.6661024319053173,SAFE,tds_change,Sensor readings are relatively stable.,False,SAFE,False
122,7.212223544874887,367.72668975149793,3.6686881205270767,26.325907288947143,NORMAL,0.1849745412584669,-21.200665630055767,-0.6029919756628912,0.1809914852754559,7.15086711440618,380.20386681595073,3.906205058111373,26.68288901181948,3.7263276289496767,SAFE,tds_change,Sensor readings are relatively stable.,False,SAFE,False
123,6.987851914976617,411.3858091352819,4.28529933429658,27.37163204701136,NORMAL,-0.2243716298982701,43.659119383783946,0.6166112137695032,1.0457247580642175,7.110152332369262,385.50852958554185,3.9533316944277663,26.79357664244314,7.737041920900365,SAFE,tds_change,Sensor readings are relatively stable.,False,SAFE,False
124,7.146948567504022,364.90973927750446,3.618370421728741,27.08543271906397,NORMAL,0.1590966525274044,-46.47606985777742,-0.666928912567839,-0.28619932794739,7.1075111173470775,382.8809066041457,3.801867066436336,26.81635774862804,2.2042285125603245,SAFE,tds_change,Sensor readings are relatively stable.,False,SAFE,False
125,7.275236450064798,361.787170808184,3.0975589496677403,26.90800833182366,NORMAL,0.1282878825607767,-3.12256846932047,-0.5208114720610006,-0.1774243872403111,7.129901896207349,378.9473528708044,3.788319384482021,26.76717923810356,4.128546750971975,SAFE,tds_change,Sensor readings are relatively stable.,False,SAFE,False
126,7.020757093989545,397.371663102501,3.1862287810584187,27.009216966532698,NORMAL,-0.2544793560752536,35.58449229431699,0.0886698313906784,0.1012086347090388,7.128603514281974,380.6362144149938,3.571229121455711,26.940039470675764,3.594746444601664,SAFE,tds_change,Sensor readings are relatively stable.,False,SAFE,False
127,7.054696181631778,391.874940409444,4.024042473330691,27.173790852680835,NORMAL,0.0339390876422331,-5.496722693056995,0.8378136922722721,0.1645738861481369,7.097098041633352,385.4658645465831,3.6422999920164334,27.109616183422503,2.570884921329488,SAFE,tds_change,Sensor readings are relatively stable.,False,SAFE,False
128,7.107972109207011,389.3617972557824,4.129861250860741,26.73012015984532,NORMAL,0.0532759275752328,-2.513143153661588,0.1058187775300503,-0.4436706928355143,7.121122080479431,381.0610621706832,3.6112123753292655,26.9813138059893,1.7783098044002363,SAFE,tds_change,Sensor readings are relatively stable.,False,SAFE,False
129,7.059721947670703,389.4251826389642,3.547841687447796,26.610847637298843,NORMAL,-0.0482501615363073,0.06338538318181,-0.582019563412945,-0.1192725225464776,7.103676756512767,385.9641508429751,3.5971066284730773,26.886396789636272,0.9009000457150956,SAFE,turbidity_change,Sensor readings are relatively stable.,False,SAFE,False
130,6.975946925514709,379.8162984072963,4.319296229388687,27.09792262754884,NORMAL,-0.0837750221559945,-9.6088842316679,0.7714545419408911,0.4870749902499973,7.043818851602749,389.5699763627976,3.841454084417266,26.924379648781308,2.979202900940696,SAFE,tds_change,Sensor readings are relatively stable.,False,SAFE,False
131,7.105485037984482,366.54118442771255,3.16923996886552,26.51081361119249,NORMAL,0.1295381124697732,-13.27511397958375,-1.1500562605231672,-0.5871090163563508,7.060764440401736,383.4038806278399,3.838056321978687,26.82469897771326,1.5822755697672308,SAFE,tds_change,Sensor readings are relatively stable.,False,SAFE,False
132,7.015015702901911,381.1370683729059,3.9669601006763417,27.20412637785724,NORMAL,-0.0904693350825711,14.59588394519335,0.7977201318108218,0.6933127666647501,7.0528283446557625,381.25630622053234,3.826639847447818,26.830766082748543,4.669424756854614,SAFE,tds_change,Sensor readings are relatively stable.,False,SAFE,False
133,7.137887394450814,369.8425743273184,3.394491900118772,26.14870819788108,NORMAL,0.1228716915489034,-11.294494045587498,-0.5724682005575699,-1.055418179976158,7.0588114017045225,377.3524616348394,3.679565977299423,26.7144836903557,2.068310916762215,SAFE,tds_change,Sensor readings are relatively stable.,False,SAFE,False
134,7.026446061261296,394.6267960012663,3.67408194609892,27.514577818662826,NORMAL,-0.1114413331895187,24.78422167394791,0.2795900459801479,1.3658696207817442,7.0521562244226415,378.3927843072999,3.704814029029648,26.895229726628497,6.896422584150721,SAFE,tds_change,Sensor readings are relatively stable.,False,SAFE,False
135,7.223994752401403,377.79413927746793,4.023699335658207,27.23629874120652,NORMAL,0.1975486911401072,-16.83265672379838,0.3496173895592869,-0.278279077456304,7.101765789799981,377.98835248133423,3.645694650283552,26.92290494936003,3.884347370359972,SAFE,tds_change,Sensor readings are relatively stable.,False,SAFE,False
136,7.0373397366131005,367.61754204811234,3.569793317358024,27.12801486715694,NORMAL,-0.1866550157883022,-10.176597229355592,-0.4539060183001826,-0.108283874049583,7.088136729525705,378.20362400541416,3.725805319982053,27.046345200552924,0.5600960491965079,SAFE,tds_change,Sensor readings are relatively stable.,False,SAFE,False
137,7.074235078703546,375.1792123752051,3.8077222278850873,27.49134549197276,NORMAL,0.0368953420904452,7.56167032709277,0.2379289105270632,0.3633306248158199,7.099980604686031,377.012052805874,3.693957745423802,27.103789023376027,3.165345046958662,SAFE,tds_change,Sensor readings are relatively stable.,False,SAFE,False
138,7.165081377389574,386.1939718141344,4.50314640460722,27.832737222231287,NORMAL,0.0908462986860279,11.014759438929277,0.6954241767221325,0.341391730258529,7.105419401273784,380.2823323032373,3.915688646321492,27.440594828246063,5.424712871816732,SAFE,tds_change,Sensor readings are relatively stable.,False,SAFE,False
139,7.001530854685283,371.5441317079404,3.711554065238426,27.507185032509064,NORMAL,-0.1635505227042903,-14.649840106194006,-0.791592339368794,-0.3255521897222238,7.100436359958581,375.665799444572,3.923183070149393,27.439116271015315,0.0229628202792486,SAFE,tds_change,Sensor readings are relatively stable.,False,SAFE,False
140,7.11819679476833,367.6666940665035,4.4178460560325705,26.079562884334177,NORMAL,0.1166659400830463,-3.8774376414368703,0.7062919907941447,-1.427622148174887,7.079276768431967,373.6403104023792,4.002012414224266,27.20776909964085,2.8323899077161605,SAFE,tds_change,Sensor readings are relatively stable.,False,SAFE,False
141,7.204571420342594,383.6553081723787,3.435146572671191,26.36021151663215,NORMAL,0.0863746255742645,15.988614105875172,-0.9826994833613796,0.2806486322979715,7.112723105177865,376.8478636272324,3.975083065286899,27.05420842953589,5.189606330502841,SAFE,tds_change,Sensor readings are relatively stable.,False,SAFE,False
142,6.971401341235102,383.67449856663086,4.2649020889576414,26.68759071115216,NORMAL,-0.2331700791074924,0.0191903942521776,0.8297555162864505,0.3273791945200131,7.092156357684177,378.5469208655176,4.0665190375014095,26.893457473371768,2.657285971003364,SAFE,turbidity_change,Sensor readings are relatively stable.,False,SAFE,False
143,7.114770708682584,372.395852369433,4.72078431032895,27.01304552510541,NORMAL,0.143369367447482,-11.278646197197872,0.4558822213713087,0.3254548139532502,7.082094223942778,375.7872969765773,4.110046618645756,26.729519133946592,3.3817484041554704,SAFE,tds_change,Sensor readings are relatively stable.,False,SAFE,False
144,7.1207906235398735,372.9344254157252,2.764177749936356,27.258829510234563,NORMAL,0.0060199148572896,0.5385730462921856,-1.9566065603925944,0.245783985129151,7.105946177713696,376.06535571813424,3.920571355585341,26.67984802949169,2.5922971521889298,SAFE,turbidity_change,Sensor readings are relatively stable.,False,SAFE,False
145,7.162545829742185,383.4807490603645,3.601552372264761,26.637128093423268,NORMAL,0.0417552062023114,10.5463236446393,0.8373746223284053,-0.6217014168112946,7.114815984708467,379.22816671690646,3.75731261883178,26.791361071309517,4.537955271196525,SAFE,tds_change,Sensor readings are relatively stable.,False,SAFE,False
146,7.001043943129753,358.27873487754016,4.28853606359027,27.09338338223854,NORMAL,-0.1615018866124318,-25.202014182824318,0.6869836913255085,0.4562552888152709,7.0741104892659,374.15285205793873,3.927990517015596,26.93799544443079,2.414900550380372,SAFE,tds_change,Sensor readings are relatively stable.,False,SAFE,False
147,6.994363470953258,358.88804338435165,3.898477306978504,26.62230853382334,NORMAL,-0.0066804721764954,0.6093085068114874,-0.3900587566117655,-0.4710748484151992,7.07870291520953,369.1955610214829,3.854705560619768,26.924939008965023,0.1332926162460548,SAFE,tds_change,Sensor readings are relatively stable.,False,SAFE,False
148,7.141755325249352,369.2233366812135,4.185572936685654,26.694241098504023,NORMAL,0.1473918542960941,10.335293296861837,0.2870956297071498,0.0719325646806829,7.084099838522884,368.561057883839,3.7476632858911088,26.86117812364475,3.599594481091997,SAFE,tds_change,Sensor readings are relatively stable.,False,SAFE,False
149,7.123758773858655,376.7982927243223,3.69800740664209,26.296669451575887,NORMAL,-0.0179965513906967,7.574956043108841,-0.4875655300435642,-0.3975716469281352,7.08469346858664,369.3338313455585,3.934429217232256,26.668746111913016,2.462378091328532,SAFE,tds_change,Sensor readings are relatively stable.,False,SAFE,False
150,7.1200394280276695,384.6636134839701,4.04329489373645,26.538383376944548,NORMAL,-0.0037193458309854,7.865320759647773,0.3452874870943598,0.2417139253686606,7.076192188243738,369.5704042302795,4.022777721526594,26.648997168617267,3.672890087934386,SAFE,tds_change,Sensor readings are relatively stable.,False,SAFE,False
151,7.127715856759758,402.13034325424326,3.92216138230396,26.32415769719184,NORMAL,0.007676428732088,17.46672977027316,-0.1211335114324896,-0.2142256797527117,7.101526570969739,378.34072590562016,3.949502785269331,26.49515203160793,3.313076233018217,SAFE,tds_change,Sensor readings are relatively stable.,False,SAFE,False
152,7.045598022273721,392.8648943480303,4.583891030829904,26.51206337351133,NORMAL,-0.0821178344860369,-9.265448906212953,0.6617296485259443,0.1879056763194952,7.111773481233831,385.1360960983559,4.086585530039612,26.473102999545524,2.2402818358532124,SAFE,tds_change,Sensor readings are relatively stable.,False,SAFE,False
153,7.11858029577288,377.6009220505486,4.127210421650607,27.52682089830392,NORMAL,0.0729822734991589,-15.2639722974817,-0.4566806091792976,1.0147575247925893,7.107138475338536,386.8116131722229,4.074913027032602,26.639618959505505,4.822977010970963,SAFE,tds_change,Sensor readings are relatively stable.,False,SAFE,False
154,7.123445797863894,379.71475688145966,4.168801331037601,26.525300555584028,NORMAL,0.0048655020910146,2.11383483091106,0.0415909093869943,-1.0015203427198929,7.107075880139584,387.3949060036504,4.169071811911705,26.68534518030713,2.083180118511791,SAFE,tds_change,Sensor readings are relatively stable.,False,SAFE,False
155,7.04285188655789,364.9620595304328,3.794061516938766,28.316191032418697,NORMAL,-0.0805939113060043,-14.752697351026882,-0.3747398140988349,1.7908904768346687,7.091638371845629,383.4545952129429,4.119225136552168,27.040906711401966,6.015449728872356,SAFE,tds_change,Sensor readings are relatively stable.,False,SAFE,False
156,7.24926196089158,379.7223029601142,3.756196887963753,27.246658950440445,NORMAL,0.2064100743336903,14.760243429681395,-0.0378646289750133,-1.0695320819782523,7.1159475926719935,378.97298715411705,4.086032237684126,27.22540696205168,4.919748887748216,SAFE,tds_change,Sensor readings are relatively stable.,False,SAFE,False
157,7.137906633672943,375.6701204161979,3.7837209060901897,27.09241806184744,NORMAL,-0.1113553272186376,-4.052182543916274,0.0275240181264369,-0.1542408885930051,7.134409314951837,375.5340323677506,3.925998212736184,27.341477899718903,2.109885532283795,SAFE,tds_change,Sensor readings are relatively stable.,False,SAFE,False
158,7.004695720223788,384.8407784050713,4.1972260711891485,26.570821109909392,NORMAL,-0.1332109134491546,9.170657988873415,0.4135051650989587,-0.5215969519380472,7.111632399842018,376.9820036386552,3.940001342643892,27.15027794204,1.4243461901151322,SAFE,tds_change,Sensor readings are relatively stable.,False,SAFE,False
159,7.152524288690706,367.5915358467152,3.7895077595898687,27.35015493970449,NORMAL,0.1478285684669176,-17.249242558356116,-0.4077183115992797,0.7793338297950996,7.117448098007381,374.5573594317063,3.864142628354345,27.31524881886409,4.625865819745884,SAFE,tds_change,Sensor readings are relatively stable.,False,SAFE,False
160,7.022025466381814,387.7901977136176,4.144887428448207,26.71218108688112,NORMAL,-0.1304988223088914,20.1986618669024,0.3553796688583386,-0.6379738528233752,7.113282813972165,379.12298706834326,3.934307810656233,26.994446829756576,2.4793444483669136,SAFE,tds_change,Sensor readings are relatively stable.,False,SAFE,False
161,7.162966768299396,402.9910836950386,5.03770039932272,27.06100490732268,NORMAL,0.1409413019175813,15.20088598142098,0.8928129708745125,0.348823820441563,7.0960237754537285,383.7767432153281,4.190608512928027,26.95731602113302,6.046263320641071,SAFE,tds_change,Sensor readings are relatively stable.,False,SAFE,False
162,7.192687646320592,378.3685977731472,4.435562351715846,28.2800422691344,NORMAL,0.0297208780211963,-24.622485921891386,-0.6021380476068741,1.2190373618117183,7.10697997798326,384.316438686718,4.320976802053158,27.194840862590414,6.547426780244035,SAFE,tds_change,Sensor readings are relatively stable.,False,SAFE,False
163,7.034345414531863,386.02567583148414,3.8369882339160792,26.951970050137675,NORMAL,-0.1583422317887288,7.657078058336935,-0.5985741177997665,-1.3280722189967236,7.112909916844873,384.5534181720005,4.248929234598544,27.271070650636076,1.1277474626449018,SAFE,tds_change,Sensor readings are relatively stable.,False,SAFE,False
164,7.177070090339545,390.3521598756667,4.600606961081972,27.57463666314284,NORMAL,0.1427246758076821,4.326484044182564,0.763618727165893,0.6226666130051655,7.117819077174642,389.1055429777908,4.411149074896964,27.31596699532374,6.01559800839212,SAFE,tds_change,Sensor readings are relatively stable.,False,SAFE,False
165,7.133022474154919,373.98169292171247,3.795962313489224,26.64841178743705,NORMAL,-0.0440476161846259,-16.370466953954235,-0.804644647592748,-0.9262248757057884,7.140018478729263,386.3438420194098,4.341364051905169,27.30321313543493,1.9953371123237893,SAFE,tds_change,Sensor readings are relatively stable.,False,SAFE,False
166,7.165764812799559,383.3613872271562,2.980937732411073,26.98250575475152,NORMAL,0.0327423386446392,9.379694305443708,-0.8150245810781511,0.3340939673144696,7.140578087629296,382.41790272583336,3.9300115185228393,27.287513304920697,4.239129638372284,SAFE,tds_change,Sensor readings are relatively stable.,False,SAFE,False
167,7.251743438612316,380.1888860117269,3.495956844541298,27.885400317817755,NORMAL,0.085978625812757,-3.1725012154292926,0.5150191121302248,0.9028945630662336,7.15238924608764,382.7819603735493,3.7420904170879288,27.208584914657365,7.257363936578772,SAFE,tds_change,Sensor readings are relatively stable.,False,SAFE,False
168,7.08036895071977,381.46514147823245,3.0646040394870724,26.68651647110612,NORMAL,-0.171374487892546,1.2762554665055743,-0.4313528050542254,-1.1988838467116345,7.161593953325221,381.869853502899,3.587613578202128,27.155494198851056,1.3076346981169895,SAFE,tds_change,Sensor readings are relatively stable.,False,SAFE,False
169,7.039701106851401,368.404853242168,3.8242432579793455,27.906224278998465,NORMAL,-0.0406678438683689,-13.06028823606448,0.7596392184922731,1.219707807892345,7.134120156627593,377.4803921761992,3.432340837581603,27.22181172202218,5.394098854186453,SAFE,tds_change,Sensor readings are relatively stable.,False,SAFE,False
170,7.0288388456299575,380.36765261388416,4.009209189594776,27.35387596772774,NORMAL,-0.010862261221443,11.962799371716187,0.1849659316154301,-0.5523483112707268,7.1132834309226,378.7575841146335,3.4749902128027133,27.36290455808032,1.6670555316098032,SAFE,tds_change,Sensor readings are relatively stable.,False,SAFE,False
171,7.034735177202765,387.4699743686817,4.8382186561376415,26.718766612052868,NORMAL,0.0058963315728073,7.102321754797515,0.8290094665428658,-0.6351093556748708,7.087077503803242,379.57930154293865,3.8464463975480254,27.31015672954059,2.3327275982395728,SAFE,tds_change,Sensor readings are relatively stable.,False,SAFE,False
172,7.093831863246871,401.7671541169256,4.163463686882081,27.31620386952776,NORMAL,0.0590966860441062,14.297179748243934,-0.6747549692555603,0.5974372574748941,7.055495188730153,383.8949551639784,3.979947766016184,27.19631743988259,4.343564100987264,SAFE,tds_change,Sensor readings are relatively stable.,False,SAFE,False
173,7.127292157985331,394.3890623912781,3.890449735595568,27.486277224813364,NORMAL,0.0334602947384601,-7.378091725647494,-0.2730139512865133,0.1700733552856022,7.064879830183266,386.4797393465875,4.145116905237883,27.35626959062404,2.419602435636775,SAFE,tds_change,Sensor readings are relatively stable.,False,SAFE,False
174,7.122135263946401,412.2977368626733,4.414702790591744,27.3109049811086,NORMAL,-0.0051568940389303,17.90867447139516,0.5242530549961764,-0.1753722437047642,7.0813666616022655,395.2583160706886,4.263208811760362,27.237205731046068,4.05110249940189,SAFE,tds_change,Sensor readings are relatively stable.,False,SAFE,False
175,7.1661746599228815,368.4897865566792,2.8944323454960577,26.214887640054773,NORMAL,0.0440393959764806,-43.8079503059941,-1.5202704450956863,-1.0960173410538268,7.1088338244608495,392.8827428592476,4.040253442940619,27.009408065511472,2.4926198988432224,SAFE,tds_change,Sensor readings are relatively stable.,False,SAFE,False
176,7.101040151350232,393.0848095508102,4.117807279054283,26.636431412087564,NORMAL,-0.0651345085726493,24.595022994131,1.2233749335582251,0.4215437720327912,7.122094819290344,394.0057098956733,3.896171167523947,26.99294102551841,6.582897826219673,SAFE,tds_change,Sensor readings are relatively stable.,False,SAFE,False
177,7.216282726172585,382.7501300860753,4.385432596943484,26.87624068222425,NORMAL,0.1152425748223526,-10.334679464734904,0.2676253178892009,0.2398092701366856,7.146584991875486,390.2023050895032,3.9405649495362263,26.90494838805771,4.36510667983263,SAFE,tds_change,Sensor readings are relatively stable.,False,SAFE,False
178,7.078827453340963,412.84704399826506,3.260706877110079,26.962783285449976,NORMAL,-0.1374552728316214,30.09691391218979,-1.1247257198334046,0.0865426032257268,7.136892050946612,393.89390141090064,3.8146163778391298,26.800249600185037,3.849792722766815,SAFE,tds_change,Sensor readings are relatively stable.,False,SAFE,False
179,7.317613533327169,367.8755257196728,4.5718770216034645,27.31033604877534,NORMAL,0.2387860799862053,-44.97151827859227,1.3111701444933854,0.3475527633253641,7.175987704822767,385.0094591823005,3.8460512240414735,26.800135813718384,7.773616506623703,SAFE,tds_change,Sensor readings are relatively stable.,False,SAFE,False
180,7.1500533878212,367.4041723672884,4.169248203747207,27.088850500466627,NORMAL,-0.1675601455059689,-0.4713533523843694,-0.4026288178562573,-0.2214855483087134,7.172763450402431,384.7923363444223,4.101014395691704,26.97492838580075,2.250800817317997,SAFE,tds_change,Sensor readings are relatively stable.,False,SAFE,False
181,7.031427395486697,371.0091103183397,3.7923560430495993,26.33232782064495,NORMAL,-0.1186259923345032,3.604937951051284,-0.3768921606976079,-0.7565226798216784,7.158840899229723,380.37719649792825,4.035924148490767,26.91410766751223,0.7598059683845517,SAFE,tds_change,Sensor readings are relatively stable.,False,SAFE,False
182,7.01432860015511,348.1415641353529,4.316390933053143,27.19009892550298,NORMAL,-0.0170987953315862,-22.86754618298681,0.5240348900035441,0.8577711048580312,7.118450074026228,373.45548330778377,4.022115815712699,26.97687931616797,3.5742946519060657,SAFE,tds_change,Sensor readings are relatively stable.,False,SAFE,False
183,7.138597793219454,372.11367467478857,5.1353464289021975,27.30529287264191,NORMAL,0.124269193064344,23.972110539435675,0.8189554958490541,0.1151939471389305,7.130404142001926,365.3088094430885,4.397043726071123,27.04538123360636,5.570750826637044,SAFE,tds_change,Sensor readings are relatively stable.,False,SAFE,False
184,7.082122977173931,368.61301007669454,4.090933127529247,27.27989522396552,NORMAL,-0.0564748160455232,-3.5006645980940334,-1.0444133013729502,-0.0253976486763889,7.083306030771278,365.4563063144929,4.300854947256279,27.039293068644398,1.231844657608967,SAFE,tds_change,Sensor readings are relatively stable.,False,SAFE,False
185,7.157120039527367,382.2559067971431,4.124110293150168,27.54039036277732,NORMAL,0.0749970623534359,13.642896720448562,0.0331771656209207,0.2604951388117946,7.084719361112512,368.42665320046376,4.291827365136871,27.129601041106536,4.279483495413157,SAFE,tds_change,Sensor readings are relatively stable.,False,SAFE,False
186,7.137859009965883,385.1263396366574,3.770319550229878,27.41696107727445,NORMAL,-0.0192610295614841,2.870432839514308,-0.3537907429202902,-0.1234292855028655,7.106005684008349,371.2500990641273,4.287420066572927,27.34652769243244,2.297519776649389,SAFE,tds_change,Sensor readings are relatively stable.,False,SAFE,False
187,7.09417368698745,408.1425625882383,3.575077815267604,27.22959003961422,NORMAL,-0.0436853229784333,23.016222951580914,-0.1952417349622739,-0.1873710376602311,7.121974701374818,383.2502987547044,4.13915744301582,27.354425915254684,3.2539031409382178,SAFE,tds_change,Sensor readings are relatively stable.,False,SAFE,False
188,7.032256502554527,394.2563575727908,4.415167908272123,26.964917144270675,NORMAL,-0.0619171844329224,-13.8862050154475,0.8400900930045188,-0.2646728953435442,7.100706443241831,387.6788353343048,3.995121738889804,27.28635076958044,1.7439826778246856,SAFE,tds_change,Sensor readings are relatively stable.,False,SAFE,False
189,6.97881222202513,371.3464451650639,3.5719580870455663,26.169519533242003,NORMAL,-0.0534442805293968,-22.909912407726893,-0.8432098212265564,-0.7953976110286725,7.080044292212071,388.2255223519787,3.8913267307930672,27.06427563143573,0.3178166696230455,SAFE,tds_change,Sensor readings are relatively stable.,False,SAFE,False
190,7.064278803834638,366.5237799297746,4.035783118609697,27.214809109566293,NORMAL,0.0854665818095075,-4.822665235289321,0.4638250315641303,1.04528957632429,7.061476045073524,385.079096978505,3.873661295884973,26.999159380793525,4.795788333838632,SAFE,tds_change,Sensor readings are relatively stable.,False,SAFE,False
191,7.168511903545878,387.3787875725976,3.761171276617442,27.103843843581554,NORMAL,0.1042330997112399,20.85500764282301,-0.2746118419922547,-0.1109652659847384,7.0676066237895245,385.5295865656931,3.871831641162486,26.93653593405495,4.196079164614007,SAFE,tds_change,Sensor readings are relatively stable.,False,SAFE,False
192,7.117127499530416,360.1965018946904,4.239489912873196,27.135789418597685,NORMAL,-0.0513844040154616,-27.182285677907203,0.4783186362557545,0.031945575016131,7.072197386298117,375.94037442698345,4.004714060683605,26.91777580985164,2.570227172388267,SAFE,tds_change,Sensor readings are relatively stable.,False,SAFE,False
193,7.00034089770304,407.4718814878153,4.166831052643474,26.361625712089847,NORMAL,-0.1167866018273757,47.27537959312491,-0.0726588602297226,-0.7741637065078386,7.065814265327821,378.5834792099884,3.955046689557875,26.79711752341548,3.787143832995598,SAFE,tds_change,Sensor readings are relatively stable.,False,SAFE,False
194,7.113854474068094,397.6916018108193,4.51876997212895,26.45947172979587,NORMAL,0.1135135763650536,-9.780279676996033,0.3519389194854758,0.097846017706022,7.092822715736413,383.8525105391394,4.144409066574552,26.855107962726247,2.52926354336769,SAFE,tds_change,Sensor readings are relatively stable.,False,SAFE,False
195,7.130825390378306,372.9623652184295,3.7449918005726266,27.52657642666645,NORMAL,0.0169709163102123,-24.729236592389785,-0.773778171556323,1.0671046968705795,7.106132033045147,385.1402275968704,4.086250802967138,26.91746142614628,5.163694946286333,SAFE,tds_change,Sensor readings are relatively stable.,False,SAFE,False
196,7.029291405103909,354.3029820636368,3.8650625323533134,26.98022242307168,NORMAL,-0.101533985274397,-18.65938315479269,0.1200707317806868,-0.5463540035947716,7.078287933356753,378.5250664950783,4.107029054114312,26.892737142044304,0.6194771742296692,SAFE,tds_change,Sensor readings are relatively stable.,False,SAFE,False
197,7.1122980084756415,400.3080856124812,3.5106181421088465,27.34075034868632,NORMAL,0.0830066033717322,46.00510354884437,-0.3544443902444669,0.3605279256146403,7.077322035145798,386.5473832386364,3.9612546999614415,26.933729328062032,6.446462187886094,SAFE,tds_change,Sensor readings are relatively stable.,False,SAFE,False
198,7.104656697475679,378.28190232121074,3.777853369961944,27.014159188065232,NORMAL,-0.0076413109999622,-22.026183291270456,0.2672352278530976,-0.3265911606210849,7.098185195100325,380.7093874053155,3.883459163425136,27.06423602325711,1.970703303914836,SAFE,tds_change,Sensor readings are relatively stable.,False,SAFE,False
199,7.00856237617355,398.5672446796019,4.1886502465224265,27.01487806974788,NORMAL,-0.0960943213021296,20.285342358391176,0.4107968765604823,0.0007188816826442,7.077126775521417,380.884515979072,3.817435218303832,27.175317291247516,2.3696149911631945,SAFE,tds_change,Sensor readings are relatively stable.,False,SAFE,False
4,7.075862823890898,361.96860323744056,3.2425541332184857,26.7130690869546,SENSOR_FAULT,0.0158224242234101,-2.894252836431121,-0.6342612549258981,0.1010509743159495,7.092640802700865,375.6305380723183,3.694904554937385,27.00500957553111,1.4410952813113127,SAFE,tds_change,Sensor readings are relatively stable.,False,SAFE,False
5,7.052333569587064,364.1586405699451,4.085317482949176,27.14172188336412,SENSOR_FAULT,-0.0235292543038339,2.1900373325045166,0.8427633497306899,0.4286527964095157,7.084936481029327,368.6598848148013,3.7659823135251695,26.92509306561673,3.5103099442308987,SAFE,tds_change,Sensor readings are relatively stable.,False,SAFE,False
6,7.10613351579974,382.6712665101148,4.00048219014489,27.44523480856079,SENSOR_FAULT,0.0537999462126759,18.5126259401697,-0.0848352928042857,0.3035129251966744,7.072414419997793,369.3154597444535,3.7776402452113897,27.02559425483252,3.9835515877996936,SAFE,tds_change,Sensor readings are relatively stable.,False,SAFE,False
7,7.181233922923478,385.0872502322993,3.673164547572724,27.1066840046357,SENSOR_FAULT,0.0751004071237382,2.415983722184535,-0.327317642572166,-0.3385508039250915,7.095120846373733,371.7497233247343,3.775666748405932,27.00374557923077,2.9117875416269303,SAFE,tds_change,Sensor readings are relatively stable.,False,SAFE,False
8,7.116153963655801,364.1880929796787,4.263698267372962,26.90608259084305,SENSOR_FAULT,-0.0650799592676767,-20.899157252620626,0.5905337198002378,-0.2006014137926506,7.106343559171395,371.6147707058957,3.8530433242516473,27.06255847487165,2.6281100345373734,SAFE,tds_change,Sensor readings are relatively stable.,False,SAFE,False
9,7.087382324893685,388.9503831407612,4.375028055050623,26.999787421627005,SENSOR_FAULT,-0.0287716387621159,24.76229016108249,0.1113297876776613,0.093704830783956,7.108647459371954,377.0111266865598,4.079538108618075,27.11990214180613,3.739827260160237,SAFE,tds_change,Sensor readings are relatively stable.,False,SAFE,False
10,7.085409436554222,375.1693894831656,3.35697605425241,26.624877679809085,SENSOR_FAULT,-0.0019728883394627,-13.78099365759556,-1.018052000798213,-0.3749097418179197,7.1152626327653845,379.2132764692039,3.9338698228787217,27.016533301095127,1.281141548313336,SAFE,tds_change,Sensor readings are relatively stable.,False,SAFE,False
11,7.0218404595651664,381.4679301198555,3.6949100885735136,27.18135459790661,SENSOR_FAULT,-0.0635689769890559,6.298540636689893,0.3379340343211034,0.5564769180975233,7.098404021518471,378.97260919115206,3.8727554025644464,26.96375725896429,3.007821950186913,SAFE,tds_change,Sensor readings are relatively stable.,False,SAFE,False
12,7.144155488857358,396.1222062825543,3.6923430600850806,27.264699918697023,SENSOR_FAULT,0.1223150292921912,14.654276162698809,-0.0025670284884329,0.0833453207904142,7.090988334705247,381.1796004012031,3.876591105066917,26.99536044177655,3.584710388247513,SAFE,tds_change,Sensor readings are relatively stable.,False,SAFE,False
13,7.09610814014936,388.9683931586553,3.6240387595564543,26.86437290015008,SENSOR_FAULT,-0.0480473487079979,-7.153813123898999,-0.0683043005286263,-0.4003270185469425,7.086979170003959,386.1356604369984,3.748659203503616,26.98701850363796,1.4416221022403963,SAFE,tds_change,Sensor readings are relatively stable.,False,SAFE,False
14,7.090976004320468,377.31469352094166,4.331789936772699,26.85898735567215,SENSOR_FAULT,-0.0051321358288918,-11.653699637713656,0.7077511772162448,-0.0053855444779316,7.087697905889314,383.8085225130345,3.7400115798480313,26.95885849044699,2.426266830631386,SAFE,tds_change,Sensor readings are relatively stable.,False,SAFE,False
15,7.259655378392242,371.0880777458471,3.922469544490879,27.079763468895614,SENSOR_FAULT,0.1686793740717744,-6.226615775094558,-0.40932039228182,0.2207761132234651,7.122547094256919,382.9922601655708,3.8531102778957256,27.0498356482643,4.557159015554031,SAFE,tds_change,Sensor readings are relatively stable.,False,SAFE,False
16,7.114937645418284,358.48184598670696,3.894194063475756,26.868984079187825,SENSOR_FAULT,-0.1447177329739579,-12.606231759140144,-0.0282754810151231,-0.2107793897077883,7.141166531427542,378.3950433389411,3.8929670728761736,26.98736154452053,1.7240646812742666,SAFE,tds_change,Sensor readings are relatively stable.,False,SAFE,False
17,7.062410447495241,372.8084668075758,3.1984550542372987,26.98016021561225,SENSOR_FAULT,-0.0525271979230437,14.326620820868868,-0.6957390092384572,0.1111761364244259,7.124817523155119,373.73229544394536,3.7941894717066176,26.930453603903583,2.415814787371398,SAFE,tds_change,Sensor readings are relatively stable.,False,SAFE,False
18,7.078682120189723,377.8886976117231,4.254167212083691,27.62991653674996,SENSOR_FAULT,0.016271672694482,5.080230804147277,1.0557121578463922,0.6497563211377084,7.121332319163192,371.51635633455896,3.920215162212065,27.08356233122356,5.119487467360337,SAFE,tds_change,Sensor readings are relatively stable.,False,SAFE,False
19,7.1574222854598375,370.1282047284882,3.504296642058611,26.9258922897762,SENSOR_FAULT,0.0787401652701147,-7.760492883234917,-0.7498705700250801,-0.7040242469737592,7.134621575391066,370.0790585760682,3.754716503269247,27.096943318044367,2.3613342818975624,SAFE,tds_change,Sensor readings are relatively stable.,False,SAFE,False
20,7.105663520526888,378.68743032907696,4.023973052106531,26.89249795439364,SENSOR_FAULT,-0.0517587649329494,8.559225600588775,0.5196764100479205,-0.0333943353825638,7.103823203817994,371.59892909271423,3.775017204792378,27.059490215143978,3.0492054710223044,SAFE,tds_change,Sensor readings are relatively stable.,False,SAFE,False
21,7.028086101084131,380.76851882958766,4.110950775183277,26.80573745830945,SENSOR_FAULT,-0.0775774194427567,2.0810885005107025,0.0869777230767452,-0.0867604960841852,7.086452894951163,376.0562636612904,3.8183685471338817,27.046840890968305,0.7182451809179442,SAFE,tds_change,Sensor readings are relatively stable.,False,SAFE,False
22,7.14596144672876,377.7514401819192,4.54426343833546,27.223257591449983,SENSOR_FAULT,0.117875345644629,-3.017078647668484,0.4333126631521837,0.4175201331405311,7.103163094797869,377.044858336159,4.087530223953514,27.09546036613585,4.091951095081276,SAFE,tds_change,Sensor readings are relatively stable.,False,SAFE,False
23,7.06659279572305,373.4999741917654,3.476471840352355,26.94563274803457,SENSOR_FAULT,-0.0793686510057103,-4.251465990153804,-1.0677915979831054,-0.2776248434154134,7.100745229904534,376.1671136521675,3.931991149607247,26.95860360839277,0.9988919358457516,SAFE,tds_change,Sensor readings are relatively stable.,False,SAFE,False
24,7.1936648888108765,381.68654671966726,2.79219513767167,26.805188088503574,SENSOR_FAULT,0.1270720930878264,8.186572527901887,-0.6842767026806849,-0.1404446595309956,7.107993750574741,378.4787820504033,3.7895708487298574,26.93446276813824,3.5598991343952986,SAFE,tds_change,Sensor readings are relatively stable.,False,SAFE,False
25,7.154002403285732,384.4194064956941,4.073539817901478,27.396391209681905,SENSOR_FAULT,-0.0396624855251444,2.732859776026828,1.2813446802298083,0.5912031211783315,7.11766152712651,379.62517728372666,3.799484201888848,27.0352414191959,6.224291215247835,SAFE,tds_change,Sensor readings are relatively stable.,False,SAFE,False
26,7.077633905217062,369.0960092255716,4.720204472604341,27.42588090135409,SENSOR_FAULT,-0.0763684980686703,-15.323397270122484,0.6466646547028629,0.029489691672186,7.127571087953096,377.2906753629235,3.921334941373061,27.159270107804826,2.22297463532678,SAFE,tds_change,Sensor readings are relatively stable.,False,SAFE,False
27,7.164050818086755,394.1093237974627,4.495578541175775,26.81987293027839,SENSOR_FAULT,0.0864169128696934,25.0133145718911,-0.2246259314285659,-0.6060079710757016,7.131188962224695,380.5622520860322,3.911597961941124,27.078593175570507,4.461827437052617,SAFE,tds_change,Sensor readings are relatively stable.,False,SAFE,False
28,7.10339277552637,379.0141186771574,4.08386376610985,26.440038014591813,SENSOR_FAULT,-0.0606580425603855,-15.095205120305309,-0.4117147750659251,-0.3798349156865761,7.138548958185359,381.6650809831106,4.033076347092623,26.977474228881952,1.5508916328955458,SAFE,tds_change,Sensor readings are relatively stable.,False,SAFE,False
29,7.14263868375611,380.1884962294485,3.803345525747181,27.302254106951075,SENSOR_FAULT,0.0392459082297405,1.174377552291105,-0.2805182403626691,0.8622160923592617,7.128343717174405,381.3654708850669,4.235306424707725,27.07688743257146,4.820178737602727,SAFE,tds_change,Sensor readings are relatively stable.,False,SAFE,False
30,7.124236640864724,387.0821442325656,4.322849038654924,26.794611052272,SENSOR_FAULT,-0.0184020428913864,6.893648003117107,0.5195035129077432,-0.5076430546790753,7.122390564690204,381.8980184324411,4.285168268858415,26.95653140108947,3.19429672258184,SAFE,tds_change,Sensor readings are relatively stable.,False,SAFE,False
31,7.057682167250456,382.33216131263504,3.610581520118212,27.237187679748832,SENSOR_FAULT,-0.0665544736142678,-4.749982919930574,-0.7122675185367124,0.4425766274768321,7.118400217096882,384.54524884985386,4.0632436783611885,26.918792756768426,2.1929623911873355,SAFE,tds_change,Sensor readings are relatively stable.,False,SAFE,False
32,7.067822508384126,389.5313663391324,4.190543107742488,26.40896885468645,SENSOR_FAULT,0.0101403411336704,7.199205026497339,0.5799615876242759,-0.8282188250623825,7.099154555156358,383.6296573581878,4.002236591674532,26.836611941650037,2.463216409318097,SAFE,tds_change,Sensor readings are relatively stable.,False,SAFE,False
33,7.151498040879058,382.8712416520182,4.202188063666651,27.26777920148979,SENSOR_FAULT,0.0836755324949312,-6.660124687114148,0.0116449559241633,0.8588103468033417,7.108775608226895,384.4010819531599,4.025901451185892,27.00216017902963,4.866369087482134,SAFE,tds_change,Sensor readings are relatively stable.,False,SAFE,False
34,7.083261233394673,373.8756262535956,4.424083962999552,26.636648421215767,SENSOR_FAULT,-0.0682368074843848,-8.995615398422615,0.2218958993329005,-0.6311307802740238,7.096900118154608,383.13850795798936,4.150049138636366,26.86903904188257,1.5817623499194418,SAFE,tds_change,Sensor readings are relatively stable.,False,SAFE,False
35,7.0798175768379,383.615035252061,5.103864015564431,27.21922923571996,SENSOR_FAULT,-0.0034436565567723,9.739408998465365,0.6797800525648796,0.582580814504194,7.088016305349242,382.44508616188847,4.306252134018267,26.95396267857216,4.743828894805636,SAFE,tds_change,Sensor readings are relatively stable.,False,SAFE,False
36,7.052243871032532,368.5627379267934,4.156966386871507,27.00428192035093,SENSOR_FAULT,-0.0275737058053682,-15.052297325267602,-0.9468976286929244,-0.2149473153690309,7.086928646105659,379.6912014847201,4.415529107368926,26.907381526692586,0.7836580654879821,SAFE,tds_change,Sensor readings are relatively stable.,False,SAFE,False
37,7.121179953279673,381.08559705776526,3.796414549717,26.713818174181007,SENSOR_FAULT,0.0689360822471405,12.52285913097188,-0.3605518371545071,-0.2904637461699231,7.097600135084766,378.0020476284467,4.336703395763829,26.968351390591494,2.8195280296728407,SAFE,tds_change,Sensor readings are relatively stable.,False,SAFE,False
38,7.203126245962157,379.66770009355537,3.989770275123202,26.87788910612197,SENSOR_FAULT,0.0819462926824838,-1.4178969642098878,0.1933557254062021,0.1640709319409623,7.107925776101387,377.3613393167541,4.294219838055138,26.890373371517928,3.829140073364538,SAFE,tds_change,Sensor readings are relatively stable.,False,SAFE,False
39,7.046623354287286,377.9188314272746,3.292369638044353,27.20589553708701,SENSOR_FAULT,-0.1565028916748705,-1.7488686662807709,-0.6974006370788493,0.3280064309650399,7.10059820027991,378.1699803514899,4.067876973064099,27.004222794692176,1.6833696072044102,SAFE,tds_change,Sensor readings are relatively stable.,False,SAFE,False
40,7.101210972833638,378.7146248856107,3.722114747564377,27.03176833593457,SENSOR_FAULT,0.0545876185463516,0.7957934583361066,0.4297451095200242,-0.1741272011524408,7.104876879479056,377.1898982781999,3.791527119464088,26.9667306147351,2.2264457334514898,SAFE,tds_change,Sensor readings are relatively stable.,False,SAFE,False
41,7.170611027770772,361.1815095450236,3.8362870247547582,27.175323894141744,SENSOR_FAULT,0.0694000549371347,-17.53311534058713,0.1141722771903812,0.1435555582071757,7.128550310826705,375.71365260184587,3.727391247040738,27.00093900949326,3.161090506968685,SAFE,tds_change,Sensor readings are relatively stable.,False,SAFE,False
42,7.096017930437714,374.5127509225904,3.790364640826163,27.592932175354644,SENSOR_FAULT,-0.0745930973330581,13.331241377566812,-0.0459223839285951,0.4176082812128996,7.123517906258314,374.3990833748109,3.7261812652625705,27.176761809727985,3.7595931104097575,SAFE,tds_change,Sensor readings are relatively stable.,False,SAFE,False
43,7.122618589812486,380.9284490114112,4.060941948813489,26.530727516486685,SENSOR_FAULT,0.0266006593747718,6.415698088820818,0.2705773079873257,-1.0622046588679588,7.107416375028379,374.65123315838207,3.740415600000628,27.10732949180093,2.7584006562739454,SAFE,tds_change,Sensor readings are relatively stable.,False,SAFE,False
44,7.046880323592656,381.598563919974,3.67103202704712,27.485163772490587,SENSOR_FAULT,-0.0757382662198304,0.6701149085628231,-0.3899099217663688,0.954436256003902,7.107467768889452,375.38717965692194,3.8161480778011816,27.16318313888165,3.6201228145865656,SAFE,temperature_change,Sensor readings are relatively stable.,False,SAFE,False
45,7.121415354860382,369.7232485907404,4.448412266929789,27.03130678125697,SENSOR_FAULT,0.0745350312677262,-11.875315329233617,0.7773802398826688,-0.4538569912336179,7.111508645294802,373.5889043979479,3.961407581674264,27.163090827946128,2.98730068272973,SAFE,tds_change,Sensor readings are relatively stable.,False,SAFE,False
46,7.090642786749772,392.657078408647,4.000082825967279,26.730364785503063,SENSOR_FAULT,-0.0307725681106099,22.9338298179066,-0.4483294409625094,-0.3009419957539059,7.095514997090602,379.8840181706726,3.994166741916769,27.074099006218383,3.194348186679106,SAFE,tds_change,Sensor readings are relatively stable.,False,SAFE,False
47,7.149286499783993,371.338251517855,3.996279871544554,26.600905912278304,SENSOR_FAULT,0.058643713034221,-21.318826890792025,-0.0038029544227251,-0.1294588732247596,7.106168710959858,379.2491182897255,4.035349788060446,26.875693753603123,2.2392974967598933,SAFE,tds_change,Sensor readings are relatively stable.,False,SAFE,False
48,7.159369302578237,389.6945720052674,3.868842113394833,26.94326388276689,SENSOR_FAULT,0.0100828027942441,18.356320487412404,-0.1274377581497212,0.3423579704885853,7.113518853513009,381.0023428884968,3.9969298209767152,26.95820102685916,4.886119089132303,SAFE,tds_change,Sensor readings are relatively stable.,False,SAFE,False
49,7.22947818210093,384.2719436187169,4.062076273543592,27.276495033577337,SENSOR_FAULT,0.0701088795226931,-5.422628386550514,0.1932341601487586,0.3332311508104482,7.150038425214663,381.5370188282453,4.07513867027601,26.91646727907652,4.731717424168435,SAFE,tds_change,Sensor readings are relatively stable.,False,SAFE,False
50,7.128981658660679,373.537726901562,4.330039305867054,26.96173526388674,SENSOR_FAULT,-0.1004965234402508,-10.73421671715488,0.2679630323234621,-0.3147597696905961,7.151551685974722,382.2999144904096,4.051464078063463,26.902552975602468,2.3366694283953837,SAFE,tds_change,Sensor readings are relatively stable.,False,SAFE,False
51,7.116289815829108,397.7531089260952,3.65314791371564,27.45334647907421,SENSOR_FAULT,-0.0126918428315709,24.2153820245332,-0.6768913921514135,0.4916112151874685,7.15668109179059,383.3191205938993,3.982077095613135,27.047149314316695,5.156411444961687,SAFE,tds_change,Sensor readings are relatively stable.,False,SAFE,False
52,7.109719215078867,368.0636316824352,3.736753404369897,26.56464729298453,SENSOR_FAULT,-0.0065706007502415,-29.689477243660008,0.0836054906542567,-0.8886991860896778,7.148767634849565,382.6641966268154,3.930171802178203,27.03989759045794,1.7711964621643876,SAFE,tds_change,Sensor readings are relatively stable.,False,SAFE,False
53,7.082341685359466,389.1915417361,3.878509588489334,26.996373315646185,SENSOR_FAULT,-0.0273775297194012,21.127910053664834,0.141756184119437,0.4317260226616533,7.133362111405811,382.56359057298187,3.9321052971971033,27.0505194770338,4.433170428849286,SAFE,tds_change,Sensor readings are relatively stable.,False,SAFE,False
54,7.116924192173085,390.0058231804298,3.461651630610714,26.624281966676065,SENSOR_FAULT,0.0345825068136189,0.8142814443297652,-0.4168579578786198,-0.3720913489701196,7.110851313420241,383.71036648532447,3.812020368610528,26.92007686365355,1.81900539814265,SAFE,tds_change,Sensor readings are relatively stable.,False,SAFE,False
55,7.085229929493048,373.2937979092336,3.6722968561114007,27.10908956478749,SENSOR_FAULT,-0.0316942626800367,-16.712025271196183,0.2106452255006865,0.4848075981114235,7.102100967586715,383.6615806868587,3.6804718786593966,26.949547723833696,3.0488395749810184,SAFE,tds_change,Sensor readings are relatively stable.,False,SAFE,False
56,7.1084230488134805,393.9246530006433,3.809511650582136,27.26606621702919,SENSOR_FAULT,0.0231931193204326,20.63085509140967,0.1372147944707351,0.1569766522417026,7.100527614183589,382.8958895017684,3.711744626032696,26.91209167142469,3.9535662879461926,SAFE,tds_change,Sensor readings are relatively stable.,False,SAFE,False
57,7.165879876780398,377.4995348540105,4.349755672285091,26.87377146189569,SENSOR_FAULT,0.0574568279669174,-16.42511814663277,0.5402440217029549,-0.3922947551335021,7.111759746523896,384.7830701360834,3.834345079615735,26.973916505206923,3.298564184260401,SAFE,tds_change,Sensor readings are relatively stable.,False,SAFE,False
58,7.049672871736018,382.88693629279857,4.10502453160077,26.21873584301186,SENSOR_FAULT,-0.1162070050443802,5.387401438788061,-0.2447311406843209,-0.6550356188838293,7.105225983799206,383.5221490474231,3.879648068238022,26.81838901068006,1.1760851911433112,SAFE,tds_change,Sensor readings are relatively stable.,False,SAFE,False
59,7.156993928056452,382.6032183877122,4.077435964547018,27.059684444038947,SENSOR_FAULT,0.1073210563204343,-0.2837179050863483,-0.0275885670537521,0.8409486010270868,7.11323993097588,382.0416280888796,4.002804935025283,26.905469506152635,4.877754723928041,SAFE,temperature_change,Sensor readings are relatively stable.,False,SAFE,False
60,7.165855753366993,378.65691258529455,4.3403591848671885,27.13102156552005,SENSOR_FAULT,0.0088618253105412,-3.946305802417669,0.2629232203201708,0.071337121481104,7.129365095750669,383.1142510240919,4.13641740077644,26.909855906299143,3.096232495428468,SAFE,tds_change,Sensor readings are relatively stable.,False,SAFE,False
61,7.094096573650446,388.10808273159785,3.9450512846402415,27.12128842648851,SENSOR_FAULT,-0.0717591797165475,9.451170146303298,-0.395307900226947,-0.0097331390315424,7.126499800718062,381.9509369702827,4.1635253275880615,26.88090034819101,2.1675422164609506,SAFE,tds_change,Sensor readings are relatively stable.,False,SAFE,False
62,6.99390725504957,387.9348872055221,4.156185939971556,27.370734657546645,SENSOR_FAULT,-0.1001893186008757,-0.1731955260757445,0.2111346553313149,0.2494462310581369,7.092105276371896,384.0380074405851,4.124811381125355,26.9802929873212,1.156431850427833,SAFE,temperature_change,Sensor readings are relatively stable.,False,SAFE,False
63,7.069608900645278,362.5146802676182,3.9587112988270015,26.678683896105284,SENSOR_FAULT,0.075701645595708,-25.420206937903917,-0.1974746411445549,-0.6920507614413616,7.096092482153748,379.963556235549,4.095548734570601,27.07228259793989,1.0441335096791704,SAFE,tds_change,Sensor readings are relatively stable.,False,SAFE,False
64,7.164849727328055,393.0434024287815,4.106144939759852,27.204064831635137,SENSOR_FAULT,0.0952408266827768,30.52872216116333,0.1474336409328502,0.5253809355298529,7.09766364200807,382.05159304376286,4.101290529613168,27.101158675459125,6.712336950802724,SAFE,tds_change,Sensor readings are relatively stable.,False,SAFE,False
65,7.098856596885056,363.37508011964326,3.7668965369553673,27.357752253743392,SENSOR_FAULT,-0.0659931304429992,-29.66832230913826,-0.3392484028044844,0.1536874221082556,7.084263810711681,378.9952265506325,3.986598000030804,27.146504813103792,1.9439112196006016,SAFE,tds_change,Sensor readings are relatively stable.,False,SAFE,False
66,7.050034888385254,390.32546204341656,3.024473136689428,26.466423724798045,SENSOR_FAULT,-0.0488217084998012,26.950381923773307,-0.7424234002659391,-0.8913285289453476,7.075451473658643,379.4387024129964,3.8024823704406407,27.0155318727657,2.9065538796806805,SAFE,tds_change,Sensor readings are relatively stable.,False,SAFE,False
67,7.074761253938589,391.2670513682758,3.94628833512548,27.095895547775694,SENSOR_FAULT,0.0247263655533345,0.9415893248592512,0.9218151984360512,0.6294718229776493,7.091622273436447,380.1051352455471,3.7605028494714254,26.960564050811502,4.467884221654598,SAFE,tds_change,Sensor readings are relatively stable.,False,SAFE,False
68,7.142031001325227,369.090335697848,4.569099254439976,26.8487460506977,SENSOR_FAULT,0.0672697473866383,-22.176715670427825,0.6228109193144968,-0.247149497077995,7.106106693572436,381.420266331593,3.88258044059402,26.99457648173,3.0646813988501544,SAFE,tds_change,Sensor readings are relatively stable.,False,SAFE,False
69,7.127336678410068,375.8918571204542,4.370486160896637,26.975543198069506,SENSOR_FAULT,-0.014694322915159,6.801521422606186,-0.1986130935433392,0.126797147371807,7.09860408378884,377.9899572699275,3.9354486848213774,26.948872155016865,2.8345633320749397,SAFE,tds_change,Sensor readings are relatively stable.,False,SAFE,False
70,7.0880533950415145,368.94295331514064,4.386158993836468,27.1043029450615,SENSOR_FAULT,-0.0392832833685536,-6.948903805313535,0.0156728329398312,0.1287597469919958,7.096443443420131,379.1035319090271,4.059301176197597,26.89818229328049,1.7305894160084527,SAFE,tds_change,Sensor readings are relatively stable.,False,SAFE,False
71,7.081658779409265,377.8507896971127,4.494452288722487,26.853831430765933,SENSOR_FAULT,-0.0063946156322494,8.90783638197206,0.1082932948860184,-0.2504715142955689,7.102768221624933,376.60859743976624,4.35329700660421,26.97566383447407,2.0999485440257697,SAFE,tds_change,Sensor readings are relatively stable.,False,SAFE,False
72,7.0804120925478085,376.91965715814257,4.035463036384575,26.79728757625152,SENSOR_FAULT,-0.0012466868614566,-0.9311325389701324,-0.4589892523379113,-0.0565438545144125,7.103898389346777,373.7391185977396,4.371131946856029,26.915942240169237,1.2061813882171268,SAFE,tds_change,Sensor readings are relatively stable.,False,SAFE,False
73,7.053879490775074,387.7966053226934,4.078926282962239,27.010245725246406,SENSOR_FAULT,-0.0265326017727343,10.87694816455081,0.0434632465776632,0.2129581489948862,7.086268087236746,377.4803725227087,4.273097352560481,26.94824217507897,2.3824175316413303,SAFE,tds_change,Sensor readings are relatively stable.,False,SAFE,False
74,7.180768784473472,393.1030874611961,3.75293924182626,26.67382621834116,SENSOR_FAULT,0.1268892936983983,5.306482138502702,-0.3259870411359786,-0.3364195069052478,7.096954508449427,380.9226185908571,4.149587968746406,26.8878987791333,3.1360503381823026,SAFE,tds_change,Sensor readings are relatively stable.,False,SAFE,False
75,7.083883976539433,393.9568381078996,3.87357085758918,26.674252461334444,SENSOR_FAULT,-0.0968848079340398,0.8537506467035314,0.1206316157629201,0.000426242993285,7.096120624749011,385.9253955494089,4.047070341496948,26.80188868238789,1.5087858524520068,SAFE,tds_change,Sensor readings are relatively stable.,False,SAFE,False
76,7.160857926041275,374.378319734217,4.246308459908457,27.20381198488695,SENSOR_FAULT,0.0769739495018422,-19.57851837368264,0.372737602319277,0.529559523552507,7.111960454075413,385.23090155682974,3.997441575734142,26.871884793212097,4.560653864755558,SAFE,tds_change,Sensor readings are relatively stable.,False,SAFE,False
77,7.176065802596122,377.9077812625548,4.481553774867527,26.655361789452403,SENSOR_FAULT,0.0152078765548475,3.529461528337833,0.2352453149590703,-0.5484501954345475,7.131091196085075,385.4285263777122,4.086659723430733,26.84349963585227,3.276211933647468,SAFE,tds_change,Sensor readings are relatively stable.,False,SAFE,False
78,7.149915544907397,363.1656180777905,3.9442214897276,27.199893750272764,SENSOR_FAULT,-0.0261502576887258,-14.742163184764308,-0.5373322851399274,0.5445319608203611,7.15029840691154,380.5023289287316,4.0597187647838044,26.881429240857543,3.882329056072032,SAFE,tds_change,Sensor readings are relatively stable.,False,SAFE,False
79,7.078418984364097,371.9412993350381,3.8199242940594353,27.138777387856184,SENSOR_FAULT,-0.0714965605432995,8.775681257247584,-0.1242971956681646,-0.0611163624165804,7.129828446889664,376.2699713035,4.073115775230439,26.97441947476055,1.8783392660412617,SAFE,tds_change,Sensor readings are relatively stable.,False,SAFE,False
80,7.12018650451683,389.6485163309746,4.000211183542639,26.48225798136282,SENSOR_FAULT,0.0417675201527334,17.707216995936506,0.1802868894832037,-0.6565194064933628,7.137088952485144,375.40830694811496,4.098443840421131,26.936020578766225,3.489805261652182,SAFE,tds_change,Sensor readings are relatively stable.,False,SAFE,False
81,7.0987902196804535,396.1558282354823,4.240482699571646,26.796730604299302,SENSOR_FAULT,-0.0213962848363769,6.507311904507731,0.2402715160290069,0.3144726229364813,7.124675411212979,379.76380864836807,4.09727868835377,26.85460430264869,3.306263390420376,SAFE,tds_change,Sensor readings are relatively stable.,False,SAFE,False
82,7.054814906963493,367.6565112812008,3.422458073546584,27.35823282091421,SENSOR_FAULT,-0.0439753127169604,-28.49931695428154,-0.8180246260250623,0.5615022166149082,7.100425232086454,377.7135546520972,3.885459548089581,26.99517850894106,2.5067302542971213,SAFE,tds_change,Sensor readings are relatively stable.,False,SAFE,False
83,7.11621796408608,374.0753574084711,3.081527618745105,26.705650340658096,SENSOR_FAULT,0.0614030571225869,6.418846127270342,-0.3409304548014789,-0.6525824802561146,7.093685715922192,379.8955025182334,3.7129207738930816,26.89632982701812,2.2567771514728285,SAFE,tds_change,Sensor readings are relatively stable.,False,SAFE,False
84,7.04104801044201,379.7359424304107,3.779785260203367,26.860678721307185,SENSOR_FAULT,-0.0751699536440702,5.660585021939596,0.698257641458262,0.1550283806490888,7.0862115211377725,381.454431137308,3.704892967121868,26.84071009370832,2.581038562519976,SAFE,tds_change,Sensor readings are relatively stable.,False,SAFE,False
85,7.159383969423078,382.80161158819607,3.5117150296343365,27.13861826797557,SENSOR_FAULT,0.1183359589810679,3.0656691577853508,-0.2680702305690303,0.2779395466683851,7.094051014119023,380.0850501887522,3.607193736340208,26.971982151030875,3.4698317139741515,SAFE,tds_change,Sensor readings are relatively stable.,False,SAFE,False
86,7.07676913513508,371.9039648007835,3.796743920941076,27.235017152784778,SENSOR_FAULT,-0.0826148342879982,-10.897646787412556,0.2850288913067396,0.0963988848092078,7.089646797209949,375.2346775018124,3.5184459806140937,27.05963946072797,1.868277018413928,SAFE,tds_change,Sensor readings are relatively stable.,False,SAFE,False
87,7.110057982793641,384.2406104446409,3.940887872473011,26.92453833418665,SENSOR_FAULT,0.0332888476585617,12.336645643857366,0.1441439515319351,-0.3104788185981277,7.100695412375979,378.5514973345005,3.622131940399379,26.972900563382456,2.854017320711113,SAFE,tds_change,Sensor readings are relatively stable.,False,SAFE,False
88,7.1141643935773065,375.2616065292908,3.8187006363907945,26.820746941592507,SENSOR_FAULT,0.004106410783665,-8.979003915350063,-0.1221872360822167,-0.1037913925941431,7.100284698274223,378.7887471586644,3.769566543928517,26.995919883569336,1.7124659036595968,SAFE,tds_change,Sensor readings are relatively stable.,False,SAFE,False
89,7.087054751314796,379.8554772912172,4.580987013788298,27.42671095850956,SENSOR_FAULT,-0.0271096422625101,4.593870761926382,0.7622863773975035,0.6059640169170493,7.10948604644878,378.8126541308257,3.929806894645503,27.10912633100981,4.634652547523459,SAFE,tds_change,Sensor readings are relatively stable.,False,SAFE,False
90,7.129334690073764,385.462842480037,4.130697905840928,27.52166989913928,SENSOR_FAULT,0.042279938758968,5.607365188819813,-0.4502891079473698,0.0949589406297199,7.103476190578919,379.34490030919386,4.053603469886822,27.18573665724255,2.673486388101211,SAFE,tds_change,Sensor readings are relatively stable.,False,SAFE,False
91,7.0762548171688735,380.0642226981094,4.120189743844332,27.29365741523453,SENSOR_FAULT,-0.0530798729048909,-5.398619781927607,-0.0105081619965963,-0.2280124839047417,7.103373326985677,380.9769518886591,4.118292634467473,27.197464709732504,1.1438222575331023,SAFE,tds_change,Sensor readings are relatively stable.,False,SAFE,True
92,7.143564864872862,375.6361410947344,4.248882857617361,27.025595442769507,SENSOR_FAULT,0.0673100477039883,-4.428081603375006,0.1286931137730294,-0.268061972465027,7.11007470340152,379.2560580186778,4.179891631496343,27.217676131449075,2.346512643752471,SAFE,tds_change,Sensor readings are relatively stable.,False,SAFE,True
93,7.032701015987662,378.9039019607417,3.5444667528876925,26.757520283507723,SENSOR_FAULT,-0.1108638488851996,3.267760866007279,-0.7044161047296686,-0.2680751592617838,7.093782027883592,379.984517104968,4.125044854795723,27.20503079983212,0.751936109095515,SAFE,tds_change,Sensor readings are relatively stable.,False,SAFE,True
94,7.1063189789773205,379.11637040794665,4.415644714968107,26.75086667803303,SENSOR_FAULT,0.0736179629896582,0.2124684472049693,0.8711779620804148,-0.0066536054746926,7.097634873416096,379.8366957283138,4.0919763950316845,27.069861943736814,2.9185491035568267,SAFE,turbidity_change,Sensor readings are relatively stable.,False,SAFE,True
95,7.196946449952914,376.2998897011787,3.969694285385816,27.156754231579725,SENSOR_FAULT,0.0906274709755932,-2.816480706767948,-0.4459504295822913,0.4058875535466946,7.111157225391926,378.00410517254215,4.059775670940661,26.996878810224903,4.171859409933789,SAFE,tds_change,Sensor readings are relatively stable.,False,SAFE,True
96,7.049983433769721,377.412039373329,4.268192246896485,27.125519466266606,SENSOR_FAULT,-0.1469630161831929,1.1121496721502808,0.2984979615106686,-0.031234765313119,7.105902948712095,377.47366850758607,4.089376171551092,26.96325122043132,1.286470422583836,SAFE,tds_change,Sensor readings are relatively stable.,False,SAFE,True
97,7.066112751473757,395.9864717050472,3.571257106783938,27.420479577883928,SENSOR_FAULT,0.0161293177040366,18.57443233171824,-0.6969351401125468,0.2949601116173213,7.090412526032274,381.5437346296487,3.953851021384408,27.04222804745421,3.362526193495784,SAFE,tds_change,Sensor readings are relatively stable.,False,SAFE,True
98,7.125695392482945,385.6091944794124,3.378496493593574,27.19513502776084,SENSOR_FAULT,0.0595826410091877,-10.377277225634828,-0.1927606131903636,-0.2253445501230864,7.109011401331332,382.8847931333828,3.920656969525584,27.129750996304825,1.8854308872441767,SAFE,tds_change,Sensor readings are relatively stable.,False,SAFE,True
99,7.108979089096979,377.0451968197084,4.327155863210011,26.54907590947205,SENSOR_FAULT,-0.0167163033859658,-8.563997659704,0.9486593696164372,-0.6460591182887896,7.109543423355264,382.4705584157351,3.902959199173965,27.089392842592638,3.057675390879345,SAFE,tds_change,Sensor readings are relatively stable.,False,SAFE,True
100,7.117531504963678,386.96954404510734,93.55652489332547,27.31558428531688,SENSOR_FAULT,0.0085524158666983,9.924347225398948,89.22936903011546,0.766508375844829,7.093660434357416,384.60448928452087,21.820325320761896,27.121158853340063,100.0,HIGH RISK,turbidity_change,Turbidity is changing significantly.,True,SENSOR FAULT,True
101,7.124459356507383,376.6618051024399,95.3536417442788,26.70058181180568,SENSOR_FAULT,0.006927851543705,-10.307738942667411,1.79711685095333,-0.6150024735112005,7.108555618904949,384.4544424303431,40.03741522023836,27.03617132244788,4.562565624040734,SAFE,tds_change,Sensor readings are relatively stable.,True,SENSOR FAULT,False
102,7.131736073428089,391.7312463758664,93.90663983082548,26.884808618414294,SENSOR_FAULT,0.0072767169207059,15.069441273426492,-1.4470019134533203,0.1842268066086134,7.121680283295814,383.60339736450686,58.10449176504667,26.92903713055395,3.734276823121288,SAFE,tds_change,Sensor readings are relatively stable.,True,SENSOR FAULT,False
103,7.1554849920978105,383.6964219219809,94.4566897793479,27.075060061875508,SENSOR_FAULT,0.0237489186697219,-8.034824453885506,0.550049948522414,0.1902514434612143,7.127638203218787,383.2208428530206,76.32013042219754,26.90502213737689,3.728104134634422,SAFE,tds_change,Sensor readings are relatively stable.,True,SENSOR FAULT,False
104,7.120490932846425,378.9269785599577,98.34690418059708,27.598700246935188,SENSOR_FAULT,-0.0349940592513853,-4.769443362023196,3.8902144012491817,0.5236401850596799,7.129940571968677,383.59719920107045,95.12408008567492,27.11494700486951,9.21360614974919,SAFE,tds_change,Sensor readings are relatively stable.,True,SENSOR FAULT,False
105,7.087937117269073,384.4771692581028,97.6809221035807,27.93297556680161,SENSOR_FAULT,-0.0325538155773523,5.550190698145059,-0.6659820770163805,0.3342753198664212,7.124021694429755,383.0987242436696,95.948959527726,27.23842526116646,2.7658979744869607,SAFE,tds_change,Sensor readings are relatively stable.,True,SENSOR FAULT,False
106,7.1336286850601365,364.291238479315,92.4008375261448,27.182016917740853,SENSOR_FAULT,0.0456915677910636,-20.185930778787792,-5.2800845774359,-0.750958649060756,7.125855560140307,380.6246109190445,95.3583986840992,27.33471228235349,2.004430275902047,SAFE,tds_change,Sensor readings are relatively stable.,True,SENSOR FAULT,False
107,7.19499409674476,368.732325310902,96.65946483575834,26.94504101438388,SENSOR_FAULT,0.0613654116846236,4.441086831587029,4.258627309613544,-0.2369759033569742,7.138507164803642,376.02482670605167,95.90896368508577,27.34675876154741,9.66813936211868,SAFE,tds_change,Sensor readings are relatively stable.,True,SENSOR FAULT,False
108,7.093368312680871,368.0607499360095,96.6227931089832,27.160351694544165,SENSOR_FAULT,-0.1016257840638887,-0.6715753748925408,-0.0366717267751397,0.2153106801602859,7.126083828920253,372.8976923088574,96.34218435101282,27.36381708808114,2.046456730693928,SAFE,tds_change,Sensor readings are relatively stable.,True,SENSOR FAULT,False
109,7.051273534766468,381.42943094763706,92.70347342249477,27.266296627762152,SENSOR_FAULT,-0.0420947779144036,13.368681011627586,-3.919319686488436,0.1059449332179873,7.112240349304263,373.3981827863933,95.21349819939238,27.29733636424653,2.156432302081184,SAFE,tds_change,Sensor readings are relatively stable.,True,SENSOR FAULT,False
110,7.155354033464349,397.3251499948509,96.63755528750973,26.90379971233284,SENSOR_FAULT,0.1040804986978809,15.895719047213843,3.93408186501496,-0.3624969154293112,7.1257237325433165,375.96777893374286,95.00482483617816,27.09150119335278,9.503090823264776,SAFE,tds_change,Sensor readings are relatively stable.,True,SENSOR FAULT,False
111,7.09398094180232,402.3130014619263,3.934882837571082,27.538563406773697,SENSOR_FAULT,-0.0613730916620287,4.987851467075416,-92.70267244993865,0.6347636944408563,7.117794183891753,383.5721315302652,77.31163389846343,27.162810491159348,3.7130333277234,SAFE,turbidity_change,Sensor readings are relatively stable.,False,SAFE,False
112,6.991366522699298,386.3805110144076,4.016367670158289,27.06902122775742,SENSOR_FAULT,-0.1026144191030216,-15.932490447518717,0.0814848325872068,-0.4695421790162761,7.077068669082661,387.1017686709663,58.78301446534341,27.187606533834053,0.2517294083913364,SAFE,tds_change,Sensor readings are relatively stable.,False,SAFE,False
113,7.142371083857521,385.00844474944455,3.599125017687411,27.14932292672741,SENSOR_FAULT,0.1510045611582224,-1.3720662649630526,-0.4172426524708776,0.0803016989699934,7.086869223317992,390.49130763365326,40.17828084708425,27.185400780270705,2.376471354772791,SAFE,tds_change,Sensor readings are relatively stable.,False,SAFE,False
114,7.073233590702303,361.9894226584726,4.29632973816805,27.19977727561633,SENSOR_FAULT,-0.0691374931552175,-23.01902209097193,0.6972047204806393,0.0504543488889197,7.091261234505159,386.6033059758204,22.496852110218917,27.172096909841542,2.2956739879222656,SAFE,tds_change,Sensor readings are relatively stable.,False,SAFE,False
115,7.095473335884791,374.57326200265976,3.794714573411366,27.12647598318433,SENSOR_FAULT,0.022239745182488,12.58383934418714,-0.5016151647566844,-0.0733012924320029,7.079285094989247,382.05292837738216,3.92828396739924,27.21663216401184,2.43880718580684,SAFE,tds_change,Sensor readings are relatively stable.,False,SAFE,False
116,7.1165990165284505,372.1221624809176,3.908560033863993,27.251682150140883,SENSOR_FAULT,0.0211256806436592,-2.451099521742151,0.1138454604526271,0.125206166956552,7.083808709934473,376.0147605811805,3.923019406657822,27.159255912685275,2.2953719394753547,SAFE,tds_change,Sensor readings are relatively stable.,False,SAFE,False
117,7.109524983988953,373.7915240174888,3.6022602501565952,26.814824044035923,SENSOR_FAULT,-0.0070740325394975,1.6693615365712162,-0.3062997837073977,-0.4368581061049603,7.107440402192404,373.4969631817967,3.840197922657483,27.108416475940977,1.7764236827599915,SAFE,tds_change,Sensor readings are relatively stable.,False,SAFE,False
118,7.135472590856952,378.3185618141521,2.975066536481876,26.83250947381619,SENSOR_FAULT,0.0259476068679989,4.527037796663251,-0.6271937136747194,0.0176854297802684,7.10606070359229,372.15898659473817,3.715386226416376,27.04505378535873,2.447308175928143,SAFE,tds_change,Sensor readings are relatively stable.,False,SAFE,False
119,7.078225681471507,375.2790942230287,3.923588894959933,26.66995373010849,SENSOR_FAULT,-0.0572469093854444,-3.039467591123355,0.9485223584780572,-0.1625557437077027,7.10705912174613,374.81692090764943,3.640838057774752,26.939089076257165,2.5961687597896974,SAFE,tds_change,Sensor readings are relatively stable.,False,SAFE,False
120,7.125655289908804,360.2070018962421,4.965046168645166,27.13185036918607,SENSOR_FAULT,0.0474296084372962,-15.072092326786615,1.0414572736852334,0.4618966390775796,7.113095512550933,371.94366888636586,3.874904376821513,26.94016395345751,4.832705176392644,SAFE,tds_change,Sensor readings are relatively stable.,False,SAFE,False
121,7.087022666120804,387.47910256117535,4.313841715159209,27.23368095105364,SENSOR_FAULT,-0.0386326237879997,27.272100664933248,-0.6512044534859571,0.1018305818675706,7.107180242469404,375.0150569024174,3.955960713080556,26.936563713640066,3.792599790609432,SAFE,tds_change,Sensor readings are relatively stable.,False,SAFE,False
122,7.136940524044375,369.272569742602,3.992295848106242,27.137331859845567,SENSOR_FAULT,0.049917857923571,-18.20653281857335,-0.3215458670529671,-0.0963490912080722,7.112663350480489,374.11126604744,4.033967832670486,27.001065276801988,2.054107860665626,SAFE,tds_change,Sensor readings are relatively stable.,False,SAFE,False
123,7.1307683742006525,382.3924686411115,3.894843668316693,27.50234773000426,SENSOR_FAULT,-0.0061721498437226,13.119898898509518,-0.0974521797895491,0.3650158701586932,7.111722507149229,374.926047412832,4.217923259037449,27.135032928039607,4.106165135366628,SAFE,tds_change,Sensor readings are relatively stable.,False,SAFE,False
124,7.05322806489777,400.74082669749976,4.008986357124819,26.998321194351288,SENSOR_FAULT,-0.0775403093028828,18.34835805638824,0.1141426888081258,-0.5040265356529723,7.106722983834482,380.0183939077261,4.235002751470426,27.20070642088816,2.4375036511897923,SAFE,tds_change,Sensor readings are relatively stable.,False,SAFE,False
125,7.154299105808751,370.80615408413576,4.218847646070084,27.200622496677752,SENSOR_FAULT,0.1010710409109814,-29.934672613364,0.2098612889452651,0.2023013023264646,7.112451747014471,382.1382243453049,4.085763046955409,27.214460846386498,3.2361824275285573,SAFE,tds_change,Sensor readings are relatively stable.,False,SAFE,False
126,7.073201827744297,354.6971247725367,3.527674873876462,26.672489737158205,SENSOR_FAULT,-0.0810972780644538,-16.109029311599045,-0.6911727721936218,-0.5281327595195471,7.109687579339169,375.58182878757714,3.92852967869886,27.10222260360741,1.0980274161644576,SAFE,tds_change,Sensor readings are relatively stable.,False,SAFE,False
127,7.140402889914057,377.1399577811989,4.445728677867549,26.88387008925768,SENSOR_FAULT,0.0672010621697598,22.442833008662205,0.9180538039910866,0.211380352099475,7.110380052513105,377.1553063952965,4.019216244651121,27.05153024948984,5.912691751688887,SAFE,tds_change,Sensor readings are relatively stable.,False,SAFE,False
128,7.118364365670066,391.0095963499857,4.2861525261764974,27.20866132726973,SENSOR_FAULT,-0.0220385242439906,13.869638568786796,-0.1595761516910512,0.3247912380120503,7.107899250806989,378.8787319370714,4.097478016223082,26.992792968942933,3.8594102845900906,SAFE,tds_change,Sensor readings are relatively stable.,False,SAFE,False
129,7.191909183839756,399.5834745422059,4.2872742902831735,27.254730633222945,SENSOR_FAULT,0.0735448181696893,8.573878192220207,0.001121764106676,0.046069305953214,7.135635474595385,378.64726150601257,4.1531356028547535,27.04407485671726,3.704438576993609,SAFE,tds_change,Sensor readings are relatively stable.,False,SAFE,False
130,7.088826700881407,367.7045040554758,4.175390295523891,26.911809915700747,SENSOR_FAULT,-0.1030824829583485,-31.87897048673011,-0.1118839947592826,-0.3429207175221975,7.122540993609917,378.0269315002806,4.144444132745514,26.986312340521863,1.332400513221108,SAFE,tds_change,Sensor readings are relatively stable.,False,SAFE,False
131,7.08253416019409,384.9669922323652,4.007846663077596,26.97852022444258,SENSOR_FAULT,-0.0062925406873173,17.262488176889406,-0.1675436324462946,0.0667103087418325,7.124407460099876,384.0809049922463,4.240478490585741,27.047518437978734,2.8191423832879985,SAFE,tds_change,Sensor readings are relatively stable.,False,SAFE,False
132,7.099029019705613,375.34689543219946,4.269144494386728,26.54463787599576,SENSOR_FAULT,0.016494859511523,-9.620096800165754,0.2612978313091316,-0.4338823484468186,7.116132686058187,383.7222925224464,4.2051616538895775,26.97967199532635,1.877382042547892,SAFE,tds_change,Sensor readings are relatively stable.,False,SAFE,False
133,7.084841010858286,378.9405164569586,4.236725653496551,26.89289123975802,SENSOR_FAULT,-0.0141880088473271,3.593621024759159,-0.0324188408901768,0.3482533637622573,7.10942801509583,381.308476543841,4.195276279353588,26.916517977824007,2.6048649361417917,SAFE,tds_change,Sensor readings are relatively stable.,False,SAFE,False
134,7.139997095097102,406.4434334701704,3.858383715623592,27.267114949055937,SENSOR_FAULT,0.0551560842388161,27.5029170132118,-0.3783419378729595,0.3742237092979188,7.099045597347299,382.6804683294339,4.109498164421671,26.91899484099061,5.422860915407229,SAFE,tds_change,Sensor readings are relatively stable.,False,SAFE,False
135,7.01918446957817,364.9702967160485,3.77055929084124,27.172561504831968,SENSOR_FAULT,-0.1208126255189316,-41.47313675412192,-0.0878244247823514,-0.094553444223969,7.085117151086652,382.1336268615484,4.0285319634851415,26.971145158816853,0.2877670436725532,SAFE,tds_change,Sensor readings are relatively stable.,False,SAFE,False
136,7.0473158790426815,382.53739661494575,4.0407425181047945,27.150199716414363,SENSOR_FAULT,0.0281314094645113,17.567099898897254,0.2701832272635545,-0.022361788417605,7.078073494856371,381.6477077380646,4.03511113449058,27.00548105721121,2.5203810184473348,SAFE,tds_change,Sensor readings are relatively stable.,False,SAFE,False
137,7.04660985392104,384.6769317176543,4.619608060598075,27.014932106154287,SENSOR_FAULT,-0.0007060251216417,2.139535102708578,0.5788655424932809,-0.135267610260076,7.067589661699455,383.5137149951555,4.1052038477328505,27.09953990324292,1.7386089307722044,SAFE,tds_change,Sensor readings are relatively stable.,False,SAFE,False
138,7.147515379598678,390.8578632493935,3.5043571697384395,27.002118947588453,SENSOR_FAULT,0.1009055256776383,6.180931531739191,-1.115250890859636,-0.0128131585658337,7.080124535447534,385.8971843536425,3.958730150981229,27.121385444809,2.707205216519307,SAFE,tds_change,Sensor readings are relatively stable.,False,SAFE,False
139,7.185530668629096,380.979831534709,3.412989893699024,26.801903658157965,SENSOR_FAULT,0.0380152890304179,-9.87803171468454,-0.0913672760394153,-0.2002152894304885,7.089231250153934,380.8044639665502,3.8696513865963142,27.028343186629407,2.782960029436441,SAFE,tds_change,Sensor readings are relatively stable.,False,SAFE,False
140,7.094777539073126,383.080505395041,4.065904336494607,27.20964852606076,SENSOR_FAULT,-0.0907531295559698,2.1006738603319945,0.6529144427955829,0.4077448679027959,7.104349864052925,384.4265057023487,3.928720395726988,27.035760590875167,3.792323262825216,SAFE,tds_change,Sensor readings are relatively stable.,False,SAFE,False
141,7.091558913840499,376.08351432578206,4.020355080742407,27.126291883316817,SENSOR_FAULT,-0.0032186252326269,-6.996991069258911,-0.0455492557522001,-0.0833566427439436,7.113198471012488,383.135729244516,3.924642908254511,27.030979024255657,1.3733837076074895,SAFE,tds_change,Sensor readings are relatively stable.,False,SAFE,False
142,7.103502608155659,382.6912694124511,4.069336665748163,27.14760565439784,SENSOR_FAULT,0.0119436943151596,6.607755086669044,0.0489815850057562,0.0213137710810222,7.124577021859412,382.7385967834754,3.814588629284528,27.05751373390437,2.2185732200201085,SAFE,tds_change,Sensor readings are relatively stable.,False,SAFE,False
143,7.158093915130409,376.5680772450259,4.0975812791634,26.842189547199727,SENSOR_FAULT,0.0545913069747499,-6.123192167425202,0.0282446134152367,-0.3054161071981127,7.126692728965757,379.88063958260176,3.93323345116952,27.025527853826624,2.4137756470789875,SAFE,tds_change,Sensor readings are relatively stable.,False,SAFE,False
144,7.053632343290471,386.2157188985605,3.9107190981460778,26.353997124038628,SENSOR_FAULT,-0.1044615718399377,9.647641653534606,-0.1868621810173221,-0.4881924231610988,7.1003130638980325,380.9278170553721,4.032779292058931,26.935946547002757,1.5762964816398344,SAFE,tds_change,Sensor readings are relatively stable.,False,SAFE,False
145,7.111918449136739,376.3038966395637,4.595945375440833,27.329145813526107,SENSOR_FAULT,0.0582861058462675,-9.911822258996835,0.6852262772947548,0.9751486894874796,7.103741245910756,379.5724953042767,4.138787499848176,26.959846004495823,5.632062221455651,SAFE,tds_change,Sensor readings are relatively stable.,False,SAFE,False
146,7.148759881489121,383.77100393902185,3.359638408609394,26.85634876319748,SENSOR_FAULT,0.0368414323523822,7.467107299458178,-1.2363069668314388,-0.4727970503286265,7.115181439440479,381.1099932269246,4.006644165421574,26.90585738047196,2.8287668062934674,SAFE,tds_change,Sensor readings are relatively stable.,False,SAFE,False
147,7.125054708496992,379.70737186315023,3.6686011900879016,26.741167270787063,SENSOR_FAULT,-0.0237051729921287,-4.063632075871624,0.3089627814785078,-0.1151814924104179,7.119491859508746,380.5132137170644,3.926497070289521,26.8245697037498,2.339264799672645,SAFE,tds_change,Sensor readings are relatively stable.,False,SAFE,False
148,7.109479080829937,391.2605025077217,3.958698095940381,27.2080436735742,SENSOR_FAULT,-0.0155756276670553,11.553130644571468,0.2900969058524794,0.4668764027871361,7.109768892648653,383.4516987696037,3.898720433644917,26.89774052902469,4.402211231154897,SAFE,tds_change,Sensor readings are relatively stable.,False,SAFE,False
149,7.150052304628357,379.4860627641152,3.342724475538333,26.88239620802426,SENSOR_FAULT,0.0405732237984199,-11.77443974360648,-0.6159736204020478,-0.3256474655499382,7.129052884916229,382.1057675427145,3.785121509123369,27.00342034582182,2.2507845694253525,SAFE,tds_change,Sensor readings are relatively stable.,False,SAFE,False
150,6.9648383853500375,362.2696753179312,3.929658238227172,27.317980915213987,SENSOR_FAULT,-0.1852139192783193,-17.216387446184,0.5869337626888389,0.4355847071897258,7.099636872158888,379.298923278388,3.651864081680636,27.0011873661594,2.7145789853518734,SAFE,tds_change,Sensor readings are relatively stable.,False,SAFE,False
151,7.133893765976545,392.6192150071399,4.664588066291207,27.18510178487301,SENSOR_FAULT,0.1690553806265073,30.34953968920871,0.7349298280640353,-0.1328791303409779,7.096663649056373,381.06856549201166,3.912854013216999,27.0669379704945,5.538764406880922,SAFE,tds_change,Sensor readings are relatively stable.,False,SAFE,False
152,7.067296215843628,370.9426769913738,4.008354595318385,27.205070796960143,SENSOR_FAULT,-0.0665975501329168,-21.67653801576614,-0.6562334709728228,0.0199690120871345,7.0851119505257,379.3156265176564,3.980804694263096,27.15971867572912,1.0693502739158252,SAFE,tds_change,Sensor readings are relatively stable.,False,SAFE,False
153,7.008468355157177,373.4623366135118,4.0922803622874735,26.59021328663984,SENSOR_FAULT,-0.0588278606864509,2.519659622138022,0.0839257669690889,-0.6148575103203022,7.0649098053911485,375.7559933388144,4.007521147532514,27.036152598342248,0.4544867475823323,SAFE,tds_change,Sensor readings are relatively stable.,False,SAFE,False
154,7.1255601299762485,374.0433870595651,3.495934093930968,27.36358319561592,SENSOR_FAULT,0.1170917748190714,0.5810504460532684,-0.5963462683565055,0.773369908976079,7.060011370460728,374.6674581979044,4.0381630712110415,27.13238999586058,4.249995712256227,SAFE,temperature_change,Sensor readings are relatively stable.,False,SAFE,False
155,7.168682927258147,393.7443809317082,3.753455436784209,27.07837515937016,SENSOR_FAULT,0.0431227972818986,19.7009938721431,0.257521342853241,-0.2852080362457592,7.100780278842349,380.96239932065976,4.002922510922448,27.084468844691816,4.492605432923517,SAFE,tds_change,Sensor readings are relatively stable.,False,SAFE,False
156,7.093127574268615,358.64325786021305,3.849921447870425,26.88921685822614,SENSOR_FAULT,-0.0755553529895323,-35.101123071495124,0.0964660110862158,-0.1891583011440225,7.092627040500763,374.1672078912744,3.839989187238293,27.02529185936244,1.5416126306585465,SAFE,tds_change,Sensor readings are relatively stable.,False,SAFE,False
157,7.147643727360147,411.37748533659993,3.8729139612975065,27.043016540202675,SENSOR_FAULT,0.0545161530915319,52.73422747638688,0.0229925134270816,0.1537996819765368,7.108696542804067,382.2541695603196,3.812901060434117,26.992881008010944,6.929281924583384,SAFE,tds_change,Sensor readings are relatively stable.,False,SAFE,False
158,7.180613912899432,390.5605680906605,4.512657518001507,26.467129430130505,SENSOR_FAULT,0.0329701855392849,-20.816917245939408,0.6397435567040008,-0.5758871100721699,7.143125654352518,385.67381585574935,3.896976491576923,26.96826423670908,3.668824028547477,SAFE,tds_change,Sensor readings are relatively stable.,False,SAFE,False
159,7.165745722679202,382.2323891412916,4.22307642429005,27.1225958434442,SENSOR_FAULT,-0.0148681902202296,-8.328178949368919,-0.2895810937114573,0.6554664133136932,7.151162772893109,387.3116162720947,4.04240495764874,26.920066766274736,4.452585080129111,SAFE,tds_change,Sensor readings are relatively stable.,False,SAFE,False
160,7.181998226468569,379.45105999383713,3.555416817225187,26.69118854754538,SENSOR_FAULT,0.0162525037893672,-2.7813291474544712,-0.6676596070648628,-0.4314072958988184,7.153825832735192,384.45295208452046,4.002797233736935,26.842629443909782,2.72997339702854,SAFE,tds_change,Sensor readings are relatively stable.,False,SAFE,False
161,7.1371063745535945,382.8555407485766,4.098601911372802,26.59419891424693,SENSOR_FAULT,-0.0448918519149748,3.4044807547394385,0.5431850941476144,-0.0969896332984454,7.162621592792189,389.2954086621932,4.052533326437411,26.78362585511394,3.1437317199044945,SAFE,tds_change,Sensor readings are relatively stable.,False,SAFE,False
162,7.103771681945079,385.2112242837934,4.199288699398714,26.54329224413464,SENSOR_FAULT,-0.0333346926085154,2.3556835352168264,0.1006867880259125,-0.0509066701122975,7.153847183709175,384.06215645163184,4.117808274057651,26.68368099590033,1.896060094032402,SAFE,tds_change,Sensor readings are relatively stable.,False,SAFE,False
163,7.019901709405141,386.4521558595006,4.456059615408506,27.333806512496977,SENSOR_FAULT,-0.0838699725399383,1.2409315757071795,0.2567709160097919,0.7905142683623403,7.1217047430103175,383.2404740053999,4.106488693539052,26.85701641237362,3.1544993462353954,SAFE,tds_change,Sensor readings are relatively stable.,False,SAFE,False
164,7.087696875593502,385.5560446600345,4.63221627462735,26.811220981892163,SENSOR_FAULT,0.0677951661883611,-0.8961111994660769,0.1761566592188437,-0.5225855306048146,7.106094973593177,383.9052051091484,4.188316663606512,26.794741440063216,1.5796881227307944,SAFE,tds_change,Sensor readings are relatively stable.,False,SAFE,False
165,7.05783767023419,380.8958068125525,3.5939623232688525,27.46011831297495,SENSOR_FAULT,-0.0298592053593118,-4.660237847481994,-1.0382539513584974,0.6488973310827859,7.081262862346302,384.1941544728915,4.196025764815245,26.94852739314913,2.8142570467612087,SAFE,tds_change,Sensor readings are relatively stable.,False,SAFE,False
166,7.20854713587489,378.0266157969268,3.675656995515864,26.83925956108431,SENSOR_FAULT,0.1507094656407002,-2.869191015625688,0.0816946722470115,-0.620858751890637,7.095551014610561,383.2283694825616,4.1114367816438575,26.99753952251661,3.2507490464938718,SAFE,tds_change,Sensor readings are relatively stable.,False,SAFE,False
167,7.091205709378383,378.4872671634649,3.4969688564341537,26.48779261272212,SENSOR_FAULT,-0.1173414264965071,0.4606513665380589,-0.1786881390817103,-0.3514669483621908,7.093037820097221,381.8835780584958,3.970972813050945,26.986439596234103,1.4049377499987916,SAFE,tds_change,Sensor readings are relatively stable.,False,SAFE,False
168,7.106160240339224,378.0509171964732,3.906392056357208,26.665042668015403,SENSOR_FAULT,0.0149545309608409,-0.4363499669916564,0.4094231999230544,0.1772500552932818,7.1102895262840375,380.2033303258904,3.861039301240686,26.852686827337788,2.738288570852789,SAFE,tds_change,Sensor readings are relatively stable.,False,SAFE,False
169,7.127574268802023,391.3377009686707,4.186543349778534,27.37074348600208,SENSOR_FAULT,0.0214140284627992,13.286783772197452,0.2801512934213255,0.7057008179866777,7.118265004925743,381.3596615876176,3.7719047162709214,26.96459132815977,5.513886127898168,SAFE,tds_change,Sensor readings are relatively stable.,False,SAFE,False
170,7.102180122318623,385.93556722280863,4.394933806635641,26.953230546619,SENSOR_FAULT,-0.0253941464833999,-5.402133745862045,0.2083904568571073,-0.4175129393830801,7.127133495342629,382.36761366966886,3.93209901294428,26.863213774888585,1.845287520065012,SAFE,tds_change,Sensor readings are relatively stable.,False,SAFE,False
171,7.184752552021537,350.5961136533572,3.969619590542991,26.83551381105282,SENSOR_FAULT,0.082572429702914,-35.33945356945145,-0.4253142160926497,-0.1177167355661801,7.122374578571959,376.8815132409549,3.9908915319497056,26.86246462488229,2.771288280323061,SAFE,tds_change,Sensor readings are relatively stable.,False,SAFE,False
172,7.068867531913277,386.5590077652976,3.872060990698064,27.04800546775584,SENSOR_FAULT,-0.1158850201082604,35.96289411194044,-0.0975585998449277,0.212491656703019,7.117906943078937,378.4958613613215,4.065909958802488,26.974507195889025,4.547519477763448,SAFE,tds_change,Sensor readings are relatively stable.,False,SAFE,False
173,7.109730372761862,381.9473619471877,4.060703196899496,27.150534820850265,SENSOR_FAULT,0.0408628408485851,-4.611645818109935,0.1886422062014325,0.1025293530944253,7.118620969563464,379.2751503114644,4.096772186910945,27.071605626456,2.236506960013357,SAFE,tds_change,Sensor readings are relatively stable.,False,SAFE,False
174,7.062876470715097,379.812912435541,3.665942839347991,27.33521964477074,SENSOR_FAULT,-0.0468539020467648,-2.1344495116466646,-0.394760357551505,0.1846848239204739,7.105681409946079,376.9701926048384,3.9926520848248366,27.064500858209733,1.497201532487881,SAFE,tds_change,Sensor readings are relatively stable.,False,SAFE,False
175,7.033998874438964,376.1148154691112,4.835815488677909,27.43454976896788,SENSOR_FAULT,-0.0288775962761329,-3.69809696642983,1.169872649329918,0.0993301241971416,7.092045160370148,375.0060422540989,4.08082842123329,27.160764702679508,2.562782463170767,SAFE,tds_change,Sensor readings are relatively stable.,False,SAFE,False
176,7.069411545454735,391.24112719986016,3.3569355891527763,26.892069406263275,SENSOR_FAULT,0.0354126710157709,15.126311730748968,-1.4788798995251329,-0.5424803627046053,7.068976959056788,383.13504496339954,3.9582916209552472,27.1720758217216,2.251278120280946,SAFE,tds_change,Sensor readings are relatively stable.,False,SAFE,False
177,7.098148160147579,389.4752646212286,4.073896231558289,26.60218569417539,SENSOR_FAULT,0.0287366146928436,-1.7658625786315838,0.716960642405513,-0.2898837120878852,7.074833084703647,383.7182963345857,3.998658669127293,27.08291186700551,2.5476633658219527,SAFE,tds_change,Sensor readings are relatively stable.,False,SAFE,False
178,7.078534888774136,372.2712233217639,4.809442487691856,26.875960451663016,SENSOR_FAULT,-0.0196132713734424,-17.204041299464677,0.7355462561335662,0.2737747574876259,7.068593987906103,381.78306860950096,4.148406527285764,27.027996993168063,3.102666988275273,SAFE,tds_change,Sensor readings are relatively stable.,False,SAFE,False
179,7.0653789510063065,384.0705228712454,4.002719937823999,27.078084151974867,SENSOR_FAULT,-0.0131559377678298,11.799299549481477,-0.8067225498678567,0.2021237003118514,7.069094483964344,382.6345906966418,4.215761946980966,26.976569894608883,2.53099932998867,SAFE,tds_change,Sensor readings are relatively stable.,False,SAFE,False
180,7.029684126816408,370.2834326545872,3.923984385999402,26.71087232213681,SENSOR_FAULT,-0.0356948241898988,-13.787090216658155,-0.0787355518245966,-0.3672118298380553,7.068231534439834,381.468314133737,4.0333957264452645,26.83183440524267,0.4452619022461146,SAFE,tds_change,Sensor readings are relatively stable.,False,SAFE,False
181,7.0958447213685645,366.2038183521107,3.857021830875829,26.71285472553149,SENSOR_FAULT,0.0661605945521568,-4.0796143024765,-0.066962555123573,0.0019824033946775,7.0735181696226,376.4608523641872,4.133412974789875,26.795991469096315,1.4436180307125,SAFE,tds_change,Sensor readings are relatively stable.,False,SAFE,False
182,7.02476398129845,373.7328277541004,3.927843327295037,27.10313636446497,SENSOR_FAULT,-0.0710807400701147,7.529009401989697,0.0708214964192079,0.3902816389334802,7.058841333852773,373.3123649907615,4.104202393937224,26.89618160315423,2.250857633065174,SAFE,tds_change,Sensor readings are relatively stable.,False,SAFE,False
183,7.13800279818448,388.6239347238276,4.5491393898706125,26.985404294528863,SENSOR_FAULT,0.1132388168860298,14.89110696972716,0.6212960625755755,-0.1177320699361068,7.070734915734842,376.58290727117424,4.052141774372975,26.918070371727403,4.19327462420873,SAFE,tds_change,Sensor readings are relatively stable.,False,SAFE,False
184,7.1041219876467245,389.5312504537609,3.1152552354681973,27.00983909862348,SENSOR_FAULT,-0.033880810537755,0.907315729933316,-1.4338841544024152,0.0244348040946178,7.078483523062926,377.6750527876774,3.874648833901816,26.90442136105712,1.707719485379387,SAFE,turbidity_change,Sensor readings are relatively stable.,False,SAFE,False
185,7.027122425026753,385.1308542009729,4.61337348051853,26.77245139958998,SENSOR_FAULT,-0.0769995626199717,-4.400396252787971,1.4981182450503328,-0.2373876990335013,7.077971182704995,380.64453709695454,4.012526652805642,26.91673717654776,2.6540137429767907,SAFE,tds_change,Sensor readings are relatively stable.,False,SAFE,False
186,7.084539546147506,387.25095786848,3.430417139019942,26.93087978573827,SENSOR_FAULT,0.0574171211207534,2.120103667507067,-1.182956341498588,0.1584283861482909,7.075710147660783,384.8539650002284,3.927205714434464,26.960342188589117,1.912986644058032,SAFE,tds_change,Sensor readings are relatively stable.,False,SAFE,False
187,7.062392179720471,385.1617828711496,3.893339068306234,26.72273005671951,SENSOR_FAULT,-0.0221473664270348,-2.0891749973303604,0.462921929286292,-0.2081497290187606,7.0832357873451866,387.1397560236381,3.920304862636704,26.88426092704002,1.630265589736509,SAFE,tds_change,Sensor readings are relatively stable.,False,SAFE,False
188,7.115958725520959,373.5851840477705,3.828302231880535,27.26705952333744,SENSOR_FAULT,0.0535665458004874,-11.576598823379127,-0.065036836425699,0.5443294666179312,7.0788269728124815,384.1320058884268,3.776137431038688,26.94059197280173,3.372369282668177,SAFE,tds_change,Sensor readings are relatively stable.,False,SAFE,False
189,7.167022522301157,384.3192254467394,4.235421307908288,27.310574800417125,SENSOR_FAULT,0.0510637967801983,10.734041398968884,0.4071190760277527,0.0435152770796847,7.0914070797433695,383.0896008870225,4.000170645526706,27.000739113160467,4.105285591715552,SAFE,tds_change,Sensor readings are relatively stable.,False,SAFE,False
190,7.006241376517712,388.0040952522768,3.360750259246501,26.44614364132857,SENSOR_FAULT,-0.1607811457834449,3.684869805537403,-0.8746710486617868,-0.8644311590885536,7.087230870041561,383.6642490972832,3.7496460012723007,26.935477561508183,0.3884102322086765,SAFE,tds_change,Sensor readings are relatively stable.,False,SAFE,False
191,7.10575130395737,387.5429132981357,4.1848690664327775,26.72114674194228,SENSOR_FAULT,0.0995099274396578,-0.4611819541410682,0.8241188071862764,0.2750031006137092,7.091473221603533,383.7226401832144,3.900536386754868,26.893530952748986,3.6474570719810937,SAFE,turbidity_change,Sensor readings are relatively stable.,False,SAFE,False
192,7.091993360221668,391.8891337147464,4.809723849314741,26.55104122347297,SENSOR_FAULT,-0.013757943735702,4.346220416610663,0.6248547828819637,-0.1701055184693096,7.097393457703774,385.0681103519338,4.083813342956569,26.85919318609968,2.6648802109768197,SAFE,tds_change,Sensor readings are relatively stable.,False,SAFE,False
193,7.133567003822523,387.0830384720106,3.454730398162876,26.80499281967793,SENSOR_FAULT,0.0415736436008549,-4.806095242735751,-1.354993451151865,0.2539515962049599,7.100915113364086,387.76768123678175,4.009098976213037,26.76677984536778,2.765359845952724,SAFE,tds_change,Sensor readings are relatively stable.,False,SAFE,False
194,7.110659831411884,383.5144820754159,4.075882467044158,26.97496860906289,SENSOR_FAULT,-0.0229071724106386,-3.568556396594716,0.6211520688812819,0.16997578938496,7.089642575186232,387.6067325625171,3.9771912080402094,26.69965860709693,3.101552942655068,SAFE,tds_change,Sensor readings are relatively stable.,False,SAFE,False
195,7.062401533413059,390.70150238316427,3.735207128881356,26.56510643409044,SENSOR_FAULT,-0.0482582979988253,7.187020307748355,-0.3406753381628018,-0.4098621749724529,7.100874606565301,388.14621398869457,4.0520825819671815,26.7234511656493,1.510984625815753,SAFE,tds_change,Sensor readings are relatively stable.,False,SAFE,False
196,7.084047303216669,379.7347874075094,4.170354882477215,26.723442056062407,SENSOR_FAULT,0.0216457698036096,-10.966714975654895,0.4351477535958592,0.1583356219719682,7.096533806417161,386.5845888105693,4.049179745176069,26.72391022847333,2.3884380445597237,SAFE,tds_change,Sensor readings are relatively stable.,False,SAFE,False
197,7.060198707159826,371.1812534877228,4.0076591109663005,26.69881278837555,SENSOR_FAULT,-0.023848596056843,-8.55353391978656,-0.1626957715109149,-0.0246292676868549,7.090174875804792,382.44301276516455,3.888766797506381,26.753464541453845,0.9029806073973834,SAFE,tds_change,Sensor readings are relatively stable.,False,SAFE,False
198,7.1538003569299295,378.3693303605624,3.743405236382276,27.06218019881968,SENSOR_FAULT,0.0936016497701039,7.188076872839588,-0.2642538745840244,0.3633674104441269,7.094221546426273,380.70027114287495,3.946501765150261,26.804902017282195,3.972153735108491,SAFE,tds_change,Sensor readings are relatively stable.,False,SAFE,False
199,7.101065582433597,372.5509735519355,4.1951489139484295,27.02080330111088,SENSOR_FAULT,-0.0527347744963329,-5.818356808626902,0.4517436775661534,-0.0413768977088011,7.092302696630616,378.5075694381789,3.970355054531116,26.814068955691788,2.19359925285318,SAFE,tds_change,Sensor readings are relatively stable.,False,SAFE,False
